Gene_ID,t_protein_cimp_positive
A1BG,-1
A1CF,0
A2M,0
AAAS,1
AACS,0
AADAT,0
AAED1,0
AAGAB,0
AAK1,0
AAMDC,0
AAMP,1
AAR2,1
AARS,1
AARS2,0
AARSD1,-1
AASDHPPT,0
AASS,0
AATF,1
ABAT,0
ABCA1,0
ABCA2,1
ABCA3,0
ABCA8,0
ABCB1,0
ABCB10,0
ABCB6,0
ABCB7,0
ABCB8,1
ABCC1,1
ABCC10,0
ABCC2,1
ABCC3,0
ABCC4,0
ABCC6,0
ABCD1,1
ABCD3,0
ABCD4,0
ABCE1,0
ABCF1,0
ABCF2,0
ABCF3,0
ABCG1,0
ABHD10,1
ABHD11,0
ABHD12,1
ABHD14B,-1
ABHD15,0
ABHD16A,0
ABHD17A,0
ABHD17B,0
ABHD3,0
ABHD4,0
ABHD5,0
ABHD6,0
ABI1,0
ABI2,-1
ABI3,-1
ABI3BP,0
ABL1,-1
ABL2,0
ABLIM1,-1
ABLIM2,0
ABLIM3,0
ABR,0
ABRACL,0
ABRAXAS1,0
ABRAXAS2,0
ABT1,1
ABTB2,0
ACAA1,0
ACAA2,-1
ACACA,1
ACACB,0
ACAD10,0
ACAD11,0
ACAD8,0
ACAD9,0
ACADL,0
ACADM,0
ACADS,0
ACADSB,0
ACADVL,0
ACAN,0
ACAP1,0
ACAP2,0
ACAP3,0
ACAT1,0
ACAT2,0
ACBD3,1
ACBD4,0
ACBD5,1
ACBD6,0
ACE,0
ACE2,0
ACIN1,0
ACLY,0
ACMSD,0
ACO1,0
ACO2,0
ACOT1,0
ACOT11,0
ACOT13,0
ACOT2,0
ACOT4,0
ACOT7,1
ACOT8,1
ACOT9,0
ACOX1,0
ACOX2,0
ACOX3,1
ACP1,0
ACP2,0
ACP5,0
ACP6,0
ACPP,0
ACSF2,0
ACSF3,1
ACSL1,0
ACSL3,1
ACSL4,1
ACSL5,1
ACSM2A,0
ACSM2B,0
ACSM3,0
ACSM5,0
ACSS1,0
ACSS2,0
ACSS3,0
ACTA1,0
ACTA2,0
ACTB,0
ACTBL2,0
ACTG1,0
ACTG2,0
ACTL6A,0
ACTN1,0
ACTN3,0
ACTN4,-1
ACTR10,0
ACTR1A,0
ACTR1B,-1
ACTR2,1
ACTR3,1
ACTR3B,0
ACTR5,-1
ACTR6,0
ACTR8,0
ACVR1,0
ACY1,0
ACY3,0
ACYP1,-1
ACYP2,0
ADA,1
ADA2,0
ADAL,0
ADAM10,0
ADAM15,0
ADAM17,0
ADAM9,1
ADAMTS1,0
ADAMTS7,0
ADAMTSL1,0
ADAMTSL2,0
ADAMTSL3,0
ADAMTSL4,1
ADAMTSL5,0
ADAP1,0
ADAP2,0
ADAR,1
ADARB1,-1
ADAT1,0
ADAT3,0
ADCK1,0
ADCK5,0
ADCY6,0
ADCY9,-1
ADD1,0
ADD2,0
ADD3,0
ADGRE2,1
ADGRE5,0
ADGRF1,0
ADGRF5,-1
ADGRG1,0
ADGRL2,-1
ADGRL4,-1
ADH1A,0
ADH1B,0
ADH1C,0
ADH4,0
ADH5,-1
ADH6,0
ADHFE1,0
ADI1,1
ADIPOQ,-1
ADIRF,-1
ADK,0
ADNP,0
ADO,0
ADPGK,0
ADPRH,0
ADPRHL2,0
ADRM1,1
ADSL,0
ADSS,0
ADSSL1,-1
AEBP1,0
AES,-1
AFAP1,0
AFAP1L1,-1
AFAP1L2,-1
AFDN,0
AFF1,0
AFF4,0
AFG1L,0
AFG3L2,0
AFM,-1
AFMID,0
AFTPH,0
AGA,0
AGAP1,-1
AGAP3,0
AGFG1,1
AGFG2,-1
AGGF1,0
AGK,0
AGL,-1
AGMAT,0
AGO1,-1
AGO2,0
AGO3,-1
AGPAT1,0
AGPAT2,0
AGPAT3,0
AGPAT4,0
AGPAT5,0
AGPS,1
AGR2,0
AGR3,0
AGRN,-1
AGT,-1
AGTPBP1,0
AGTRAP,0
AGXT,0
AGXT2,0
AHCTF1,1
AHCY,0
AHCYL1,0
AHCYL2,0
AHDC1,-1
AHNAK,-1
AHNAK2,0
AHR,0
AHSA1,0
AHSG,-1
AHSP,0
AIDA,0
AIF1,0
AIF1L,0
AIFM1,0
AIFM2,0
AIG1,0
AIMP1,0
AIMP2,1
AIP,0
AJUBA,0
AK1,-1
AK2,0
AK3,0
AK4,1
AK6,1
AKAP1,0
AKAP10,0
AKAP11,0
AKAP12,0
AKAP13,0
AKAP17A,0
AKAP7,0
AKAP8,0
AKAP8L,0
AKAP9,0
AKNA,0
AKR1A1,0
AKR1B1,0
AKR1B10,0
AKR1B15,0
AKR1C1,0
AKR1C2,0
AKR1C3,0
AKR1C4,0
AKR7A2,-1
AKR7A3,0
AKR7L,0
AKT1,-1
AKT1S1,0
AKT2,0
AKT3,-1
AKTIP,0
ALAD,0
ALAS1,0
ALB,-1
ALCAM,0
ALDH16A1,0
ALDH18A1,1
ALDH1A1,0
ALDH1A2,0
ALDH1A3,0
ALDH1B1,0
ALDH1L1,-1
ALDH1L2,0
ALDH2,0
ALDH3A2,0
ALDH3B1,1
ALDH4A1,0
ALDH5A1,0
ALDH6A1,0
ALDH7A1,0
ALDH8A1,0
ALDH9A1,-1
ALDOA,1
ALDOB,0
ALDOC,0
ALG1,1
ALG11,0
ALG12,0
ALG13,0
ALG14,0
ALG2,0
ALG3,1
ALG5,0
ALG6,0
ALG8,0
ALG9,0
ALKBH1,0
ALKBH3,0
ALKBH4,0
ALKBH5,0
ALKBH7,0
ALKBH8,0
ALOX5,1
ALOX5AP,0
ALPI,0
ALPK1,0
ALPK2,0
ALPL,0
ALS2,0
ALYREF,0
AMACR,0
AMBP,0
AMBRA1,0
AMDHD1,0
AMDHD2,-1
AMFR,0
AMN,0
AMOT,0
AMOTL1,-1
AMOTL2,0
AMPD2,0
AMPD3,0
AMPH,0
AMT,0
AMZ2,0
ANAPC1,0
ANAPC10,0
ANAPC11,0
ANAPC13,0
ANAPC16,0
ANAPC2,0
ANAPC4,0
ANAPC5,1
ANAPC7,0
ANG,0
ANGEL2,0
ANGPT2,0
ANGPTL2,-1
ANGPTL3,0
ANGPTL4,1
ANK1,0
ANK2,0
ANK3,-1
ANKFY1,0
ANKHD1,0
ANKHD1-EIF4EBP3,0
ANKIB1,0
ANKLE2,1
ANKMY2,0
ANKRD10,-1
ANKRD11,0
ANKRD13A,0
ANKRD16,0
ANKRD17,-1
ANKRD2,0
ANKRD22,0
ANKRD26,0
ANKRD27,0
ANKRD28,0
ANKRD39,0
ANKRD40,0
ANKRD44,0
ANKRD46,0
ANKRD49,-1
ANKRD50,0
ANKRD52,0
ANKRD54,0
ANKRD6,0
ANKS1A,-1
ANKS3,1
ANKS4B,0
ANKS6,-1
ANKZF1,0
ANO10,0
ANO6,1
ANP32A,0
ANP32B,0
ANP32E,0
ANPEP,0
ANTXR1,0
ANTXR2,0
ANXA1,0
ANXA11,0
ANXA13,0
ANXA2,0
ANXA3,0
ANXA4,0
ANXA5,0
ANXA6,0
ANXA7,0
ANXA9,0
AOAH,0
AOC1,0
AOC3,0
AOX1,0
AP1AR,0
AP1B1,0
AP1G1,0
AP1G2,0
AP1M1,0
AP1M2,0
AP1S1,0
AP1S2,0
AP1S3,0
AP2A1,1
AP2A2,-1
AP2B1,0
AP2M1,0
AP2S1,0
AP3B1,1
AP3D1,1
AP3M1,1
AP3M2,0
AP3S1,1
AP4B1,0
AP4E1,0
AP4M1,1
AP4S1,-1
AP5B1,0
AP5M1,0
AP5S1,0
AP5Z1,0
APAF1,0
APBA1,0
APBA3,0
APBB1,-1
APBB1IP,1
APBB2,-1
APC,0
APCS,0
APEH,0
APEX1,0
APEX2,0
API5,0
APIP,0
APLF,0
APLP2,0
APMAP,0
APOA1,-1
APOA2,-1
APOA4,-1
APOA5,0
APOB,0
APOBEC3C,1
APOBEC3F,0
APOBEC3G,1
APOBR,1
APOC1,0
APOC2,0
APOC3,0
APOC4,0
APOD,0
APOE,0
APOF,0
APOH,0
APOL1,0
APOL2,1
APOL3,0
APOM,0
APOO,0
APOOL,0
APP,0
APPL1,-1
APPL2,0
APRT,0
APTX,0
AQP1,-1
AQP2,0
AQR,0
ARAF,0
ARAP1,0
ARAP3,-1
ARCN1,1
ARF1,0
ARF3,0
ARF4,1
ARF5,0
ARF6,0
ARFGAP1,1
ARFGAP2,0
ARFGAP3,0
ARFGEF1,1
ARFGEF2,1
ARFGEF3,1
ARFIP1,0
ARFIP2,0
ARFRP1,1
ARG1,0
ARG2,0
ARGLU1,0
ARHGAP1,0
ARHGAP10,-1
ARHGAP12,0
ARHGAP15,0
ARHGAP17,-1
ARHGAP18,0
ARHGAP21,-1
ARHGAP22,0
ARHGAP23,0
ARHGAP24,-1
ARHGAP25,0
ARHGAP26,0
ARHGAP27,0
ARHGAP28,0
ARHGAP29,0
ARHGAP30,0
ARHGAP31,-1
ARHGAP32,-1
ARHGAP35,0
ARHGAP4,1
ARHGAP42,-1
ARHGAP44,-1
ARHGAP45,1
ARHGAP5,-1
ARHGAP6,-1
ARHGAP8,0
ARHGAP9,0
ARHGDIA,-1
ARHGDIB,-1
ARHGEF1,0
ARHGEF10,-1
ARHGEF10L,0
ARHGEF11,0
ARHGEF12,-1
ARHGEF15,-1
ARHGEF16,0
ARHGEF17,-1
ARHGEF18,0
ARHGEF2,0
ARHGEF28,0
ARHGEF35,-1
ARHGEF37,-1
ARHGEF40,-1
ARHGEF5,0
ARHGEF6,0
ARHGEF7,-1
ARID1A,0
ARID1B,-1
ARID2,0
ARID3A,1
ARID4A,-1
ARID4B,0
ARID5B,0
ARIH1,0
ARIH2,0
ARL1,1
ARL14EP,0
ARL15,-1
ARL2,0
ARL2BP,0
ARL3,0
ARL5A,0
ARL6,0
ARL6IP1,1
ARL6IP4,0
ARL6IP5,0
ARL6IP6,-1
ARL8A,0
ARL8B,0
ARMC1,0
ARMC10,1
ARMC5,0
ARMC6,0
ARMC8,0
ARMC9,0
ARMCX1,0
ARMCX2,0
ARMCX3,1
ARMCX6,0
ARMH3,0
ARMT1,0
ARNT,0
ARPC1A,-1
ARPC1B,1
ARPC2,1
ARPC3,1
ARPC4,1
ARPC5,1
ARPC5L,0
ARPIN,-1
ARPP19,0
ARRB1,0
ARRB2,0
ARRDC1,0
ARSA,0
ARSB,0
ARSD,0
ARSE,0
ARSF,0
ARSK,0
ART3,0
ARV1,0
ARVCF,-1
AS3MT,0
ASAH1,0
ASAP1,0
ASAP2,-1
ASAP3,0
ASB13,0
ASB6,0
ASB9,0
ASCC1,1
ASCC2,0
ASCC3,0
ASDURF,0
ASF1A,0
ASGR2,0
ASH2L,0
ASL,0
ASMTL,0
ASNA1,0
ASNS,1
ASPA,0
ASPDH,0
ASPG,-1
ASPH,1
ASPN,-1
ASPSCR1,0
ASRGL1,0
ASS1,0
ASTN2,-1
ATAD1,0
ATAD3A,1
ATAT1,0
ATE1,-1
ATF1,0
ATF2,0
ATF7,0
ATF7IP,0
ATG101,0
ATG12,1
ATG13,0
ATG14,0
ATG16L1,0
ATG2A,-1
ATG2B,-1
ATG3,1
ATG4A,0
ATG4B,0
ATG4C,0
ATG5,0
ATG7,0
ATG9A,1
ATIC,0
ATL1,0
ATL2,1
ATL3,0
ATM,0
ATN1,0
ATOX1,0
ATP11A,0
ATP11B,0
ATP11C,0
ATP13A1,1
ATP13A3,1
ATP1A1,1
ATP1B1,1
ATP1B3,0
ATP23,0
ATP2A2,1
ATP2A3,0
ATP2B1,1
ATP2B3,-1
ATP2B4,1
ATP2C1,1
ATP5F1A,0
ATP5F1B,1
ATP5F1C,1
ATP5F1D,1
ATP5F1E,0
ATP5IF1,1
ATP5MC2,1
ATP5MD,1
ATP5ME,0
ATP5MF,1
ATP5MF-PTCD1,1
ATP5MG,1
ATP5MPL,1
ATP5PB,0
ATP5PD,1
ATP5PF,1
ATP5PO,1
ATP5S,1
ATP6AP1,1
ATP6AP2,1
ATP6V0A1,1
ATP6V0A2,0
ATP6V0A4,1
ATP6V0C,1
ATP6V0D1,1
ATP6V0D2,0
ATP6V1A,0
ATP6V1B1,0
ATP6V1B2,0
ATP6V1C1,0
ATP6V1C2,0
ATP6V1D,0
ATP6V1E1,0
ATP6V1F,0
ATP6V1G1,0
ATP6V1G2,0
ATP6V1G3,0
ATP6V1H,0
ATP7A,0
ATP8A1,-1
ATP8B1,0
ATP9A,0
ATP9B,0
ATPAF1,0
ATPAF2,0
ATR,0
ATRAID,1
ATRN,0
ATRX,0
ATXN1,0
ATXN10,0
ATXN1L,-1
ATXN2,0
ATXN2L,1
ATXN3,-1
ATXN7,0
ATXN7L3B,0
AUH,0
AUP1,0
AURKAIP1,0
AUTS2,0
AVEN,0
AVL9,1
AZGP1,-1
AZI2,0
AZU1,1
B2M,0
B3GAT3,1
B3GLCT,0
B3GNTL1,0
B4GALT1,1
B4GALT4,1
B4GALT7,1
B4GAT1,0
B9D1,0
B9D2,0
BABAM1,0
BABAM2,0
BACH1,1
BAD,0
BAG1,-1
BAG2,0
BAG3,0
BAG4,-1
BAG5,-1
BAG6,0
BAIAP2,0
BAIAP2L1,1
BAIAP2L2,0
BAK1,0
BANF1,0
BANP,0
BAP1,0
BARD1,-1
BASP1,1
BAX,0
BAZ1A,0
BAZ1B,0
BAZ2A,0
BBIP1,0
BBOX1,-1
BBS1,-1
BBS2,0
BBS4,0
BBS5,-1
BBS7,-1
BBS9,0
BBX,0
BCAM,-1
BCAP29,0
BCAP31,1
BCAR1,0
BCAR3,0
BCAS2,0
BCAS3,-1
BCAT1,0
BCAT2,0
BCCIP,0
BCHE,0
BCKDHA,0
BCKDHB,0
BCKDK,0
BCL10,0
BCL11B,0
BCL2,0
BCL2L1,0
BCL2L11,0
BCL2L13,0
BCL2L2-PABPN1,-1
BCL3,0
BCL7A,0
BCL7B,-1
BCL7C,0
BCL9L,0
BCLAF1,0
BCO1,0
BCR,0
BCS1L,1
BDH1,0
BDH2,-1
BECN1,0
BEND3,0
BEND7,0
BET1,1
BET1L,1
BGN,-1
BHMT,0
BHMT2,0
BICC1,1
BICD1,1
BICD2,-1
BID,1
BIN1,0
BIN2,0
BIN3,-1
BIRC2,0
BIRC3,1
BIRC6,1
BLMH,0
BLNK,0
BLOC1S1,0
BLOC1S2,0
BLOC1S3,0
BLOC1S4,0
BLOC1S5,0
BLOC1S6,0
BLVRA,0
BLVRB,0
BLZF1,0
BMF,0
BMP2K,0
BMPR2,0
BMS1,1
BNC2,0
BNIP1,1
BNIP2,0
BNIP3,0
BNIP3L,0
BOD1,0
BOD1L1,-1
BOK,0
BOLA1,0
BOLA2,1
BOLA3,0
BOP1,1
BORCS5,0
BORCS6,0
BORCS7,-1
BORCS8,0
BPGM,0
BPHL,0
BPI,1
BPNT1,0
BPTF,0
BRAF,0
BRAP,0
BRAT1,0
BRCC3,0
BRD1,0
BRD2,0
BRD3,-1
BRD4,0
BRD7,0
BRD8,0
BRD9,0
BRF1,-1
BRF2,0
BRI3,0
BRI3BP,0
BRIX1,1
BRK1,0
BRMS1,0
BRMS1L,-1
BROX,1
BRPF1,0
BSCL2,0
BSDC1,1
BSG,1
BSND,0
BSPRY,-1
BST1,0
BST2,1
BTAF1,0
BTBD1,0
BTBD10,0
BTBD2,0
BTD,0
BTF3,0
BTF3L4,0
BTK,1
BTN2A1,0
BTN3A1,0
BTN3A2,0
BTN3A3,0
BTNL9,-1
BUB3,0
BUD13,0
BUD23,0
BUD31,1
BYSL,1
BZW1,1
BZW2,1
C11orf52,0
C11orf54,0
C11orf58,0
C11orf68,0
C11orf96,-1
C11orf98,0
C12orf10,1
C12orf29,1
C12orf4,-1
C12orf43,0
C12orf45,1
C12orf57,0
C12orf65,0
C12orf66,0
C12orf73,1
C12orf75,0
C14orf119,0
C15orf38-AP3S2,-1
C15orf40,-1
C15orf48,0
C16orf58,0
C16orf70,0
C16orf86,-1
C16orf91,0
C17orf49,0
C17orf75,0
C17orf80,0
C17orf97,0
C18orf21,0
C18orf25,0
C18orf32,0
C19orf12,0
C19orf25,-1
C19orf33,0
C19orf47,0
C19orf53,0
C19orf54,0
C19orf66,1
C19orf70,0
C1D,0
C1GALT1,0
C1GALT1C1,0
C1QA,1
C1QB,1
C1QBP,0
C1QC,1
C1QTNF3,0
C1QTNF5,0
C1R,0
C1RL,0
C1S,0
C1orf109,-1
C1orf116,0
C1orf122,1
C1orf123,-1
C1orf174,0
C1orf198,0
C1orf210,-1
C1orf226,0
C1orf35,0
C1orf50,0
C1orf52,0
C2,0
C20orf194,0
C20orf27,0
C21orf2,0
C22orf39,0
C2CD2,0
C2CD2L,0
C2CD5,0
C2orf49,0
C2orf54,0
C2orf68,0
C2orf69,0
C2orf76,0
C2orf88,0
C3,0
C3orf38,0
C3orf58,1
C4A,-1
C4B,0
C4BPA,0
C4BPB,0
C4orf3,1
C4orf33,0
C5,0
C5AR1,0
C5orf15,1
C5orf22,0
C5orf24,0
C5orf51,0
C6,0
C6orf106,0
C6orf120,0
C6orf132,0
C6orf136,0
C6orf203,0
C6orf47,0
C6orf89,0
C7,0
C7orf25,0
C7orf26,0
C7orf43,0
C7orf50,0
C7orf55-LUC7L2,0
C8A,0
C8B,0
C8G,0
C8orf33,1
C8orf37,-1
C8orf59,0
C8orf82,1
C9,0
C9orf16,0
C9orf40,0
C9orf64,-1
C9orf66,0
C9orf78,-1
CA1,0
CA12,1
CA13,0
CA2,0
CA3,0
CA4,-1
CA5B,0
CA8,0
CA9,0
CAAP1,0
CAB39,1
CAB39L,1
CABIN1,1
CABLES1,1
CACFD1,0
CACNA2D1,1
CACNG6,1
CACTIN,1
CACUL1,0
CACYBP,1
CAD,1
CADM1,1
CADM4,1
CADPS2,0
CALB1,1
CALB2,1
CALCOCO1,1
CALCOCO2,1
CALCRL,1
CALD1,1
CALHM5,1
CALM1,0
CALML3,1
CALML4,1
CALR,1
CALU,1
CAMK1,0
CAMK1D,0
CAMK2B,-1
CAMK2D,-1
CAMK2G,0
CAMK4,0
CAMKK1,0
CAMKK2,0
CAMKMT,0
CAMLG,0
CAMP,1
CAMSAP1,-1
CAMSAP2,0
CAMSAP3,0
CAND1,1
CAND2,-1
CANT1,1
CANX,1
CAP1,0
CAP2,0
CAPG,0
CAPN1,-1
CAPN15,0
CAPN2,0
CAPN5,-1
CAPN6,0
CAPN7,0
CAPNS1,0
CAPRIN1,0
CAPS,1
CAPZA1,1
CAPZA2,-1
CAPZB,0
CARD10,1
CARD11,0
CARD16,0
CARD19,0
CARD6,0
CARD8,-1
CARD9,0
CARHSP1,0
CARM1,0
CARMIL1,0
CARNMT1,0
CARS,1
CARS2,1
CASC3,0
CASC4,1
CASK,0
CASKIN2,-1
CASP1,0
CASP10,0
CASP2,0
CASP3,1
CASP4,1
CASP6,0
CASP7,0
CASP8,1
CASP9,0
CASR,0
CAST,0
CASTOR1,0
CASTOR2,0
CAT,0
CAV1,0
CAV2,0
CAVIN1,-1
CAVIN2,-1
CAVIN3,0
CBFB,1
CBL,0
CBLB,0
CBLL1,0
CBR1,0
CBR3,0
CBR4,0
CBWD1,0
CBX1,-1
CBX3,0
CBX4,0
CBX5,0
CBX7,-1
CBX8,0
CC2D1A,0
CC2D1B,0
CC2D2A,0
CCAR1,0
CCAR2,-1
CCDC102A,-1
CCDC106,0
CCDC115,0
CCDC117,0
CCDC12,0
CCDC120,0
CCDC124,0
CCDC127,1
CCDC130,0
CCDC134,0
CCDC174,0
CCDC182,0
CCDC186,0
CCDC22,0
CCDC25,-1
CCDC28A,0
CCDC32,0
CCDC39,1
CCDC43,0
CCDC47,1
CCDC50,0
CCDC51,0
CCDC58,1
CCDC6,0
CCDC61,0
CCDC65,-1
CCDC7,0
CCDC8,0
CCDC80,0
CCDC82,-1
CCDC85B,-1
CCDC85C,-1
CCDC86,0
CCDC88A,0
CCDC88B,0
CCDC88C,0
CCDC9,0
CCDC90B,0
CCDC91,0
CCDC92,0
CCDC93,0
CCDC97,0
CCDC9B,0
CCL14,0
CCL16,0
CCL18,0
CCL21,0
CCL5,0
CCM2,0
CCNC,0
CCND1,-1
CCNDBP1,1
CCNH,1
CCNK,0
CCNL1,0
CCNL2,0
CCNT1,1
CCNT2,0
CCNY,0
CCNYL1,0
CCP110,0
CCPG1,1
CCS,-1
CCSER1,0
CCSER2,0
CCT2,0
CCT3,0
CCT4,0
CCT5,0
CCT6A,0
CCT6B,0
CCT7,0
CCT8,0
CCZ1,1
CD109,1
CD14,0
CD151,0
CD163,0
CD180,0
CD2,0
CD200,0
CD209,0
CD248,0
CD276,0
CD2AP,-1
CD2BP2,0
CD300A,0
CD34,-1
CD36,-1
CD38,0
CD3E,0
CD3EAP,0
CD4,0
CD40,1
CD44,1
CD46,0
CD47,0
CD48,0
CD53,0
CD55,0
CD58,0
CD59,0
CD5L,0
CD63,1
CD70,0
CD74,0
CD81,0
CD82,0
CD84,0
CD8A,0
CD9,0
CD93,-1
CD99,0
CD99L2,0
CDA,0
CDADC1,-1
CDC123,0
CDC16,0
CDC23,0
CDC26,0
CDC27,1
CDC34,0
CDC37,0
CDC37L1,0
CDC40,0
CDC42,0
CDC42BPA,-1
CDC42BPB,-1
CDC42BPG,0
CDC42EP1,-1
CDC42EP2,-1
CDC42EP3,0
CDC42EP4,0
CDC42EP5,-1
CDC42SE1,0
CDC42SE2,0
CDC5L,0
CDC73,0
CDCP1,1
CDH1,0
CDH11,0
CDH13,-1
CDH16,0
CDH2,0
CDH4,-1
CDH5,-1
CDH6,0
CDH9,0
CDHR2,0
CDHR5,0
CDIP1,0
CDIPT,0
CDK1,1
CDK11A,0
CDK11B,0
CDK12,0
CDK13,0
CDK14,0
CDK16,0
CDK17,-1
CDK18,0
CDK19,0
CDK2,0
CDK2AP1,0
CDK4,0
CDK5,1
CDK5RAP1,0
CDK5RAP2,0
CDK5RAP3,0
CDK6,0
CDK7,0
CDK9,1
CDKAL1,0
CDKL5,0
CDKN1B,0
CDKN1C,-1
CDKN2A,0
CDKN2AIP,-1
CDKN2AIPNL,0
CDKN2C,0
CDNF,0
CDPF1,0
CDR2,0
CDR2L,0
CDS1,0
CDS2,0
CDV3,1
CDYL,0
CEACAM1,0
CEACAM4,-1
CEBPB,1
CEBPZ,1
CEBPZOS,1
CELF1,0
CELF2,0
CELSR1,0
CELSR2,0
CEMIP2,1
CENPB,0
CENPC,0
CENPF,0
CENPV,-1
CEP104,0
CEP112,0
CEP120,0
CEP128,0
CEP131,0
CEP135,-1
CEP164,0
CEP170,1
CEP170B,-1
CEP192,0
CEP250,0
CEP290,0
CEP350,-1
CEP41,1
CEP44,0
CEP57,-1
CEP68,-1
CEP78,-1
CEP89,0
CEP97,0
CEPT1,0
CERS2,1
CERS4,1
CERS5,0
CERS6,0
CES1,0
CES2,0
CES3,0
CETN2,-1
CETN3,-1
CETP,0
CFAP20,0
CFAP298,0
CFAP36,1
CFAP97,0
CFB,0
CFD,0
CFDP1,0
CFH,0
CFHR1,0
CFHR2,0
CFHR3,0
CFHR4,0
CFHR5,0
CFI,0
CFL1,0
CFL2,-1
CFLAR,0
CFP,0
CFTR,0
CGAS,0
CGGBP1,-1
CGN,0
CGNL1,0
CGREF1,0
CHAC2,0
CHAD,0
CHAF1A,0
CHAMP1,-1
CHCHD1,0
CHCHD10,0
CHCHD2,0
CHCHD3,0
CHCHD4,1
CHCHD5,1
CHCHD6,1
CHCHD7,0
CHD1,1
CHD1L,0
CHD2,1
CHD3,0
CHD4,0
CHD8,-1
CHDH,0
CHEK2,1
CHERP,0
CHGA,0
CHI3L1,0
CHID1,0
CHIT1,1
CHKA,1
CHKB,1
CHL1,0
CHM,1
CHML,1
CHMP1A,1
CHMP1B,0
CHMP2A,1
CHMP2B,1
CHMP3,1
CHMP4A,1
CHMP4B,0
CHMP4C,1
CHMP5,1
CHMP6,1
CHMP7,1
CHN1,1
CHN2,1
CHORDC1,1
CHP1,0
CHPF2,1
CHPT1,1
CHRAC1,1
CHST13,0
CHST14,0
CHSY1,1
CHTOP,1
CHUK,0
CHURC1,0
CIAO1,0
CIAO2A,0
CIAO2B,0
CIAO3,0
CIAPIN1,1
CIB1,0
CIC,-1
CINP,-1
CIP2A,0
CIR1,1
CIRBP,0
CISD1,1
CISD2,0
CISD3,1
CIT,0
CIZ1,-1
CKAP4,1
CKAP5,0
CKB,0
CKM,0
CKMT1A,0
CKMT2,0
CKS1B,0
CLASP1,1
CLASP2,-1
CLASRP,0
CLC,0
CLCC1,1
CLCN3,0
CLCN5,0
CLCN6,0
CLCN7,0
CLCNKA,0
CLCNKB,0
CLDN10,0
CLDN2,0
CLDN3,0
CLDN7,0
CLDND1,0
CLEC11A,0
CLEC14A,-1
CLEC16A,0
CLEC18B,-1
CLEC3B,0
CLIC1,1
CLIC2,-1
CLIC3,0
CLIC4,0
CLIC5,0
CLIC6,0
CLINT1,0
CLIP1,1
CLIP2,0
CLK3,0
CLK4,0
CLMN,0
CLN3,0
CLN5,0
CLN6,0
CLN8,0
CLNS1A,0
CLOCK,0
CLP1,0
CLPB,0
CLPP,1
CLPTM1,1
CLPTM1L,0
CLPX,0
CLRN3,0
CLSTN1,0
CLSTN3,1
CLTA,0
CLTB,1
CLTC,0
CLTCL1,0
CLTRN,0
CLU,0
CLUAP1,0
CLUH,0
CLYBL,0
CMA1,-1
CMAS,0
CMBL,0
CMC1,0
CMC2,0
CMC4,1
CMIP,0
CMPK1,0
CMPK2,0
CMSS1,1
CMTM4,0
CMTM6,0
CMTR1,0
CMTR2,0
CNBP,1
CNDP1,-1
CNDP2,-1
CNIH4,0
CNKSR3,0
CNN1,0
CNN2,0
CNN3,0
CNNM2,0
CNNM3,0
CNNM4,0
CNOT1,1
CNOT10,1
CNOT11,1
CNOT2,0
CNOT3,0
CNOT4,0
CNOT6L,0
CNOT7,0
CNOT8,0
CNOT9,0
CNP,1
CNPY2,1
CNPY3,0
CNPY4,0
CNRIP1,-1
CNST,0
CNTN1,0
CNTRL,0
CNTROB,0
COA1,0
COA3,0
COA4,0
COA5,0
COA6,0
COA7,0
COASY,0
COBL,0
COBLL1,0
COCH,0
COG1,0
COG2,0
COG3,0
COG4,0
COG5,1
COG6,1
COG7,1
COG8,1
COIL,0
COL12A1,0
COL14A1,0
COL15A1,-1
COL16A1,0
COL18A1,-1
COL1A1,0
COL1A2,0
COL21A1,-1
COL23A1,-1
COL2A1,0
COL3A1,0
COL4A1,0
COL4A2,0
COL4A3,0
COL4A3BP,0
COL4A4,0
COL4A5,0
COL5A1,0
COL5A2,0
COL5A3,-1
COL6A1,0
COL6A2,0
COL6A3,0
COL7A1,0
COL8A1,0
COLEC10,0
COLEC11,0
COLGALT1,1
COMMD1,0
COMMD10,0
COMMD2,0
COMMD3,0
COMMD3-BMI1,-1
COMMD4,0
COMMD5,0
COMMD6,0
COMMD7,1
COMMD8,0
COMMD9,0
COMP,0
COMT,1
COMTD1,0
COP1,0
COPA,1
COPB1,1
COPB2,1
COPE,1
COPG1,1
COPG2,0
COPRS,0
COPS2,0
COPS3,0
COPS4,0
COPS5,0
COPS6,0
COPS7A,-1
COPS7B,1
COPS8,0
COPS9,-1
COPZ1,1
COPZ2,0
COQ10A,0
COQ10B,0
COQ3,0
COQ4,0
COQ5,0
COQ6,0
COQ7,0
COQ8A,1
COQ8B,1
COQ9,0
CORO1A,0
CORO1B,0
CORO1C,0
CORO2A,0
CORO2B,0
CORO6,-1
CORO7,0
CORO7-PAM16,0
COTL1,0
COX11,0
COX15,0
COX17,0
COX18,0
COX19,0
COX20,1
COX4I1,0
COX5A,0
COX5B,0
COX6A1,0
COX6B1,0
COX6C,0
COX7A1,-1
COX7A2,0
COX7A2L,0
COX7B,0
COX7C,0
COX8A,1
CP,0
CPA3,-1
CPB2,0
CPD,1
CPE,0
CPEB2,0
CPEB3,0
CPEB4,0
CPM,0
CPN1,0
CPN2,0
CPNE1,0
CPNE2,-1
CPNE3,0
CPNE6,0
CPNE8,0
CPOX,1
CPPED1,0
CPQ,0
CPS1,0
CPSF1,0
CPSF2,0
CPSF3,0
CPSF4,0
CPSF6,0
CPSF7,0
CPT1A,0
CPT1B,0
CPT2,0
CPTP,0
CPXM1,0
CPXM2,0
CR1,0
CRABP1,0
CRABP2,0
CRACR2A,0
CRACR2B,0
CRADD,0
CRAT,0
CRB2,0
CRB3,0
CRBN,0
CRCP,0
CREB1,0
CREB5,0
CREBBP,0
CREG1,0
CRELD1,1
CRELD2,1
CRHBP,0
CRIM1,0
CRIP1,-1
CRIP2,-1
CRIPT,0
CRISP3,0
CRISPLD2,0
CRK,-1
CRKL,0
CRLF3,0
CRLS1,1
CRMP1,0
CRNKL1,0
CROCC,-1
CROT,0
CRP,0
CRTAC1,-1
CRTAP,1
CRTC1,0
CRTC2,0
CRTC3,-1
CRY2,-1
CRYAA,0
CRYAA2,0
CRYAB,0
CRYBB3,0
CRYBG1,1
CRYBG3,0
CRYL1,-1
CRYM,0
CRYZ,0
CRYZL1,0
CS,1
CSAD,0
CSDC2,-1
CSDE1,0
CSE1L,1
CSF1,0
CSF1R,0
CSK,0
CSNK1A1,0
CSNK1D,0
CSNK1G1,0
CSNK1G3,0
CSNK2A1,0
CSNK2A2,0
CSNK2B,0
CSPG4,-1
CSRP1,0
CSRP2,0
CST3,0
CST6,0
CST7,-1
CSTA,1
CSTB,0
CSTF1,0
CSTF2,0
CSTF2T,0
CSTF3,0
CTBP1,-1
CTBP2,0
CTBS,0
CTCF,0
CTDP1,0
CTDSP1,0
CTDSPL,-1
CTDSPL2,-1
CTF1,0
CTGF,0
CTH,0
CTHRC1,0
CTIF,0
CTNNA1,-1
CTNNAL1,0
CTNNB1,-1
CTNNBIP1,0
CTNNBL1,0
CTNND1,-1
CTPS1,1
CTPS2,0
CTR9,0
CTSA,1
CTSB,0
CTSC,0
CTSD,0
CTSF,0
CTSG,0
CTSH,0
CTSL,0
CTSO,0
CTSS,0
CTSZ,1
CTTN,0
CTTNBP2,0
CTTNBP2NL,-1
CTU1,1
CTU2,0
CUBN,0
CUEDC1,0
CUEDC2,0
CUL1,0
CUL2,0
CUL3,0
CUL4A,0
CUL4B,0
CUL5,-1
CUL7,0
CUL9,0
CUTA,-1
CUTC,0
CUX1,0
CWC15,0
CWC22,0
CWC25,0
CWC27,0
CWF19L1,0
CWF19L2,-1
CXADR,0
CXCL12,0
CXCL14,0
CXXC1,0
CXXC5,0
CXorf38,1
CXorf56,0
CXorf57,0
CYB5A,0
CYB5B,0
CYB5R1,0
CYB5R2,0
CYB5R3,0
CYB5R4,0
CYBA,1
CYBB,1
CYBC1,0
CYBRD1,0
CYC1,0
CYCS,0
CYFIP1,0
CYFIP2,0
CYGB,-1
CYHR1,1
CYLD,0
CYP17A1,0
CYP1B1,1
CYP20A1,0
CYP24A1,0
CYP27A1,0
CYP27B1,0
CYP2J2,0
CYP2S1,0
CYP2U1,0
CYP4A11,0
CYP4F11,1
CYP4F2,1
CYP4F3,0
CYP4V2,0
CYP51A1,0
CYP7B1,0
CYP8B1,0
CYR61,1
CYS1,0
CYSTM1,0
CYTH1,0
CYTH2,-1
CYTH3,-1
CYTH4,0
D2HGDH,0
DAAM1,0
DAB2,0
DAB2IP,-1
DACH1,0
DAD1,1
DAG1,-1
DAGLB,1
DAO,0
DAP,0
DAP3,0
DAPK1,0
DAPK2,0
DAPK3,-1
DARS,0
DARS2,0
DAXX,0
DAZAP1,0
DAZAP2,-1
DBH,0
DBI,0
DBN1,0
DBNL,0
DBR1,0
DBT,0
DCAF1,0
DCAF10,0
DCAF11,0
DCAF13,1
DCAF5,-1
DCAF6,0
DCAF7,0
DCAF8,0
DCAKD,0
DCD,1
DCDC2,0
DCHS1,-1
DCK,0
DCLK1,0
DCLK2,-1
DCN,0
DCP1A,-1
DCP1B,0
DCP2,0
DCPS,0
DCTD,0
DCTN1,0
DCTN2,0
DCTN3,0
DCTN4,0
DCTN5,0
DCTN6,0
DCTPP1,0
DCUN1D1,0
DCUN1D3,0
DCUN1D4,0
DCUN1D5,0
DCXR,0
DDA1,0
DDAH1,0
DDAH2,0
DDB1,0
DDB2,0
DDC,0
DDHD1,0
DDHD2,0
DDI2,0
DDN,0
DDO,0
DDOST,0
DDR1,0
DDRGK1,0
DDT,0
DDX1,0
DDX10,0
DDX17,0
DDX18,0
DDX19A,0
DDX19B,0
DDX20,0
DDX21,0
DDX23,0
DDX24,0
DDX27,0
DDX28,0
DDX31,0
DDX39A,0
DDX39B,0
DDX3X,0
DDX3Y,0
DDX41,0
DDX42,0
DDX46,0
DDX47,0
DDX49,0
DDX5,0
DDX50,0
DDX51,0
DDX52,0
DDX54,0
DDX55,0
DDX56,0
DDX58,0
DDX59,0
DDX6,0
DDX60,0
DDX60L,0
DECR1,0
DECR2,0
DEF6,0
DEF8,0
DEFA1B,0
DEFA3,0
DEFA4,0
DEFB1,0
DEFB112,0
DEGS1,0
DEK,0
DENND1A,0
DENND1B,0
DENND2D,0
DENND3,0
DENND4A,0
DENND4B,0
DENND4C,0
DENND5B,0
DENND6A,0
DENR,0
DEPDC5,0
DEPDC7,0
DEPTOR,0
DERA,0
DERL1,0
DERL2,0
DES,0
DESI1,0
DET1,0
DFFA,0
DFFB,0
DGAT1,0
DGCR8,0
DGKA,0
DGKH,0
DGKQ,0
DGKZ,0
DGLUCY,0
DGUOK,0
DHCR24,0
DHCR7,0
DHDDS,0
DHFR,0
DHODH,0
DHPS,0
DHRS1,0
DHRS11,0
DHRS13,0
DHRS2,0
DHRS3,0
DHRS4,0
DHRS7,0
DHRS7B,0
DHRSX,0
DHTKD1,0
DHX15,0
DHX16,0
DHX29,0
DHX30,0
DHX32,0
DHX34,0
DHX35,0
DHX36,0
DHX37,0
DHX38,0
DHX40,0
DHX57,0
DHX58,0
DHX8,0
DHX9,0
DIABLO,0
DIAPH1,0
DIAPH2,0
DICER1,0
DIDO1,0
DIMT1,0
DIO1,0
DIP2A,0
DIP2B,0
DIP2C,0
DIS3,0
DIS3L2,0
DISC1,0
DKC1,0
DLAT,0
DLC1,0
DLD,0
DLG1,0
DLG3,0
DLG5,0
DLGAP4,0
DLST,0
DMAC2,0
DMAP1,0
DMD,0
DMGDH,0
DMPK,0
DMTN,0
DMWD,0
DMXL1,0
DMXL2,0
DNAAF2,0
DNAAF5,0
DNAJA1,0
DNAJA2,0
DNAJA3,0
DNAJA4,0
DNAJB1,0
DNAJB11,0
DNAJB12,0
DNAJB14,0
DNAJB2,0
DNAJB4,0
DNAJB5,0
DNAJB6,0
DNAJB9,0
DNAJC1,0
DNAJC10,0
DNAJC11,0
DNAJC12,0
DNAJC13,0
DNAJC14,0
DNAJC16,0
DNAJC17,0
DNAJC19,0
DNAJC2,0
DNAJC21,0
DNAJC24,0
DNAJC25,0
DNAJC28,0
DNAJC3,0
DNAJC30,0
DNAJC5,0
DNAJC6,0
DNAJC7,0
DNAJC8,0
DNAJC9,0
DNAL1,0
DNAL4,0
DNASE1L1,0
DNASE2,0
DNLZ,0
DNM1,0
DNM1L,0
DNM2,0
DNM3,0
DNMBP,0
DNMT1,0
DNMT3A,0
DNPEP,0
DNPH1,0
DNTTIP1,0
DNTTIP2,0
DOCK1,0
DOCK10,0
DOCK11,0
DOCK2,0
DOCK4,0
DOCK5,0
DOCK6,0
DOCK7,0
DOCK8,0
DOCK9,0
DOHH,0
DOK1,0
DOK2,0
DOK3,0
DOLK,0
DOLPP1,0
DOP1A,0
DOP1B,0
DPAGT1,0
DPCD,0
DPEP1,0
DPF2,0
DPH1,0
DPH2,0
DPH3,0
DPH5,0
DPH6,0
DPM1,0
DPM3,0
DPP3,0
DPP4,0
DPP7,0
DPP8,0
DPP9,0
DPT,0
DPY19L1,0
DPY30,0
DPYD,0
DPYS,0
DPYSL2,0
DPYSL3,0
DPYSL4,0
DPYSL5,0
DR1,0
DRAP1,0
DRG1,0
DRG2,0
DROSHA,0
DSC1,0
DSC2,0
DSC3,0
DSG2,0
DSN1,0
DSP,0
DST,0
DSTN,0
DSTYK,0
DTD1,0
DTNA,0
DTNB,0
DTNBP1,0
DTWD1,0
DTWD2,0
DTX3,0
DTX3L,0
DTYMK,0
DUS1L,0
DUS2,0
DUS3L,0
DUSP11,0
DUSP12,0
DUSP19,0
DUSP22,0
DUSP23,0
DUSP3,0
DUSP9,0
DUT,0
DVL1,0
DVL2,0
DVL3,0
DYM,0
DYNC1H1,0
DYNC1I1,0
DYNC1I2,0
DYNC1LI1,0
DYNC1LI2,0
DYNC2H1,0
DYNC2LI1,0
DYNLL1,0
DYNLL2,0
DYNLRB1,0
DYNLT1,0
DYNLT3,0
DYRK1A,0
DYRK2,0
DYSF,0
DZIP3,0
E2F4,0
EAF1,0
EAPP,0
EARS2,0
EBAG9,0
EBF1,0
EBNA1BP2,0
EBP,0
ECD,0
ECE1,0
ECH1,0
ECHDC1,0
ECHDC2,0
ECHDC3,0
ECHS1,0
ECI1,0
ECI2,0
ECM1,0
ECM2,0
ECPAS,0
ECSCR,0
ECSIT,0
EDC3,0
EDC4,0
EDEM3,0
EDF1,0
EDIL3,0
EEA1,0
EED,0
EEF1A1,0
EEF1A2,0
EEF1AKMT1,0
EEF1AKMT2,0
EEF1AKMT4,0
EEF1B2,0
EEF1D,0
EEF1E1,0
EEF1G,0
EEF2,0
EEF2K,0
EEFSEC,0
EEPD1,0
EFCAB14,0
EFCAB7,0
EFEMP1,0
EFEMP2,0
EFHD1,0
EFHD2,0
EFL1,0
EFNA1,0
EFNA5,0
EFNB1,0
EFNB2,0
EFR3A,0
EFTUD2,0
EGF,0
EGFL7,0
EGFR,0
EGLN1,0
EHBP1,0
EHBP1L1,0
EHD1,0
EHD2,0
EHD3,0
EHD4,0
EHHADH,0
EHMT1,0
EHMT2,0
EI24,0
EIF1,0
EIF1AD,0
EIF1AX,0
EIF1AY,0
EIF1B,0
EIF2A,0
EIF2AK2,0
EIF2AK4,0
EIF2B1,0
EIF2B2,0
EIF2B3,0
EIF2B4,0
EIF2B5,0
EIF2D,0
EIF2S1,0
EIF2S2,0
EIF2S3,0
EIF3A,0
EIF3B,0
EIF3C,0
EIF3D,0
EIF3E,0
EIF3F,0
EIF3G,0
EIF3H,0
EIF3I,0
EIF3J,0
EIF3K,0
EIF3L,0
EIF3M,0
EIF4A1,0
EIF4A2,0
EIF4A3,0
EIF4B,0
EIF4E,0
EIF4E2,0
EIF4E3,0
EIF4EBP1,0
EIF4EBP2,0
EIF4EBP3,0
EIF4ENIF1,0
EIF4G1,0
EIF4G2,0
EIF4G3,0
EIF4H,0
EIF5,0
EIF5A,0
EIF5A2,0
EIF5B,0
EIF6,0
EIPR1,0
ELAC1,0
ELAC2,0
ELANE,0
ELAVL1,0
ELF1,0
ELF2,0
ELL,0
ELMO1,0
ELMO2,0
ELMO3,0
ELMOD2,0
ELMSAN1,0
ELOA,0
ELOB,0
ELOC,0
ELOF1,0
ELOVL1,0
ELOVL5,0
ELOVL7,0
ELP1,0
ELP2,0
ELP3,0
ELP4,0
ELP5,0
ELP6,0
EMC1,0
EMC10,0
EMC2,0
EMC3,0
EMC4,0
EMC7,0
EMC8,0
EMC9,0
EMCN,0
EMD,0
EMG1,0
EMILIN1,0
EMILIN2,0
EML1,0
EML2,0
EML3,0
EML4,0
EMSY,0
ENAH,0
ENDOD1,0
ENDOG,0
ENG,0
ENGASE,0
ENO1,0
ENO2,0
ENO3,0
ENOPH1,0
ENOSF1,0
ENPEP,0
ENPP1,0
ENPP2,0
ENPP3,0
ENPP4,0
ENPP5,0
ENPP6,0
ENPP7,0
ENSA,0
ENTPD1,0
ENTPD2,0
ENTPD5,0
ENTR1,0
ENY2,0
EOGT,0
EP300,0
EP400,0
EPB41,0
EPB41L1,0
EPB41L2,0
EPB41L3,0
EPB41L4A,0
EPB41L4B,0
EPB41L5,0
EPB42,0
EPC1,0
EPC2,0
EPCAM,0
EPDR1,0
EPG5,0
EPHA2,0
EPHA4,0
EPHA7,0
EPHB3,0
EPHB4,0
EPHB6,0
EPHX1,0
EPHX2,0
EPM2A,0
EPM2AIP1,0
EPN1,0
EPN2,0
EPPK1,0
EPRS,0
EPS15,0
EPS15L1,0
EPS8,0
EPS8L1,0
EPS8L2,0
EPSTI1,0
EPX,0
ERAL1,0
ERAP1,0
ERAP2,0
ERBB2,0
ERBB3,0
ERBIN,0
ERC1,0
ERCC1,0
ERCC2,0
ERCC3,0
ERCC4,0
ERCC5,0
ERCC6,0
ERCC8,0
ERF,0
ERG,0
ERG28,0
ERGIC1,0
ERGIC2,0
ERGIC3,0
ERH,0
ERI1,0
ERI3,0
ERICH1,0
ERICH5,0
ERLEC1,0
ERLIN1,0
ERLIN2,0
ERMP1,0
ERO1A,0
ERO1B,0
ERP29,0
ERP44,0
ERRFI1,0
ESAM,0
ESD,0
ESF1,0
ESM1,0
ESPN,0
ESRP1,0
ESRP2,0
ESRRA,0
ESRRG,0
ESS2,0
ESYT1,0
ESYT2,0
ETF1,0
ETFA,0
ETFB,0
ETFDH,0
ETFRF1,0
ETHE1,0
ETNK1,0
ETNK2,0
ETS1,0
ETV3,0
ETV6,0
EVA1B,0
EVI2B,0
EVI5,0
EVI5L,0
EVL,0
EVPL,0
EWSR1,0
EXD2,0
EXOC1,0
EXOC2,0
EXOC3,0
EXOC3L2,0
EXOC3L4,0
EXOC4,0
EXOC5,0
EXOC6,0
EXOC6B,0
EXOC7,0
EXOC8,0
EXOG,0
EXOSC1,0
EXOSC10,0
EXOSC2,0
EXOSC3,0
EXOSC4,0
EXOSC5,0
EXOSC6,0
EXOSC7,0
EXOSC8,0
EXOSC9,0
EXPH5,0
EXT2,0
EXTL2,0
EYA3,0
EZH1,0
EZR,0
F10,0
F11,0
F11R,0
F12,0
F13A1,0
F13B,0
F2,0
F2RL1,0
F3,0
F5,0
F7,0
F8,0
F8A2,0
F9,0
FAAH,0
FABP1,0
FABP3,0
FABP4,0
FABP5,0
FABP6,0
FABP7,0
FADD,0
FADS3,0
FAF1,0
FAF2,0
FAH,0
FAHD1,0
FAHD2A,0
FAHD2B,0
FAIM,0
FAM102A,0
FAM104A,0
FAM107B,0
FAM110C,0
FAM111A,0
FAM114A1,0
FAM114A2,0
FAM117B,0
FAM118A,0
FAM118B,0
FAM120A,0
FAM120B,0
FAM120C,0
FAM122A,0
FAM126A,0
FAM126B,0
FAM129A,0
FAM129B,0
FAM133B,0
FAM135A,0
FAM136A,0
FAM13A,0
FAM151A,0
FAM151B,0
FAM160A1,0
FAM160A2,0
FAM160B1,0
FAM160B2,0
FAM162A,0
FAM168A,0
FAM169A,0
FAM171A1,0
FAM172A,0
FAM174A,0
FAM177A1,0
FAM185A,0
FAM192A,0
FAM193A,0
FAM198B,0
FAM204A,0
FAM206A,0
FAM207A,0
FAM208A,0
FAM208B,0
FAM20B,0
FAM20C,0
FAM210A,0
FAM210B,0
FAM213A,0
FAM213B,0
FAM219B,0
FAM234A,0
FAM241A,0
FAM241B,0
FAM32A,0
FAM3A,0
FAM3C,0
FAM45A,0
FAM49A,0
FAM49B,0
FAM50A,0
FAM50B,0
FAM76A,0
FAM76B,0
FAM83F,0
FAM83H,0
FAM84B,0
FAM89A,0
FAM89B,0
FAM8A1,0
FAM91A1,0
FAM92A,0
FAM92B,0
FAM98A,0
FAM98B,0
FAM98C,0
FAP,0
FAR1,0
FARP1,0
FARP2,0
FARS2,0
FARSA,0
FARSB,0
FAS,0
FASN,0
FASTKD1,0
FASTKD2,0
FASTKD3,0
FASTKD5,0
FAT1,0
FAT4,0
FAU,0
FBH1,0
FBL,0
FBLIM1,0
FBLN1,0
FBLN2,0
FBLN5,0
FBLN7,0
FBN1,0
FBP1,0
FBP2,0
FBRS,0
FBXL15,0
FBXL17,0
FBXL18,0
FBXL20,0
FBXL3,0
FBXL4,0
FBXL8,0
FBXO11,0
FBXO17,0
FBXO2,0
FBXO21,0
FBXO22,0
FBXO28,0
FBXO3,0
FBXO30,0
FBXO38,0
FBXO4,0
FBXO42,0
FBXO44,0
FBXO45,0
FBXO6,0
FBXO7,0
FBXW11,0
FBXW2,0
FBXW5,0
FBXW8,0
FBXW9,0
FCER1G,0
FCF1,0
FCGBP,0
FCGR1A,0
FCGR2A,0
FCGR2B,0
FCGR3A,0
FCGRT,0
FCHO2,0
FCHSD1,0
FCHSD2,0
FCN1,0
FCN2,0
FCN3,0
FDFT1,0
FDPS,0
FDX1,0
FDX2,0
FDXR,0
FECH,0
FEM1A,0
FEM1B,0
FEN1,0
FER,0
FERMT1,0
FERMT2,0
FERMT3,0
FES,0
FETUB,0
FEZ2,0
FGA,0
FGB,0
FGD2,0
FGD3,0
FGD4,0
FGD5,0
FGD6,0
FGF1,0
FGF2,0
FGFR1OP,0
FGFR1OP2,0
FGG,0
FGGY,0
FGL1,0
FGL2,0
FGR,0
FH,0
FHIT,0
FHL1,0
FHL2,0
FHL3,0
FHL5,0
FHOD1,0
FHOD3,0
FIBP,0
FIG4,0
FILIP1,0
FILIP1L,0
FIP1L1,0
FIS1,0
FITM2,0
FIZ1,0
FKBP10,0
FKBP11,0
FKBP14,0
FKBP15,0
FKBP1A,0
FKBP2,0
FKBP3,0
FKBP4,0
FKBP5,0
FKBP7,0
FKBP8,0
FKBP9,0
FKBPL,0
FKRP,0
FLAD1,0
FLCN,0
FLI1,0
FLII,0
FLJ44635,0
FLNA,0
FLNB,0
FLNC,0
FLOT1,0
FLOT2,0
FLRT3,0
FLT1,0
FLT4,0
FLVCR2,0
FLYWCH2,0
FMC1,0
FMN1,0
FMNL1,0
FMNL2,0
FMNL3,0
FMO1,0
FMO3,0
FMO4,0
FMO5,0
FMOD,0
FMR1,0
FN1,0
FN3K,0
FN3KRP,0
FNBP1,0
FNBP1L,0
FNBP4,0
FNDC1,0
FNDC3A,0
FNDC3B,0
FNIP1,0
FNTA,0
FNTB,0
FOCAD,0
FOLH1,0
FOLR1,0
FOLR2,0
FOSL2,0
FOXC1,0
FOXJ2,0
FOXJ3,0
FOXK1,0
FOXK2,0
FOXO1,0
FOXO3,0
FOXP1,0
FOXP4,0
FOXRED1,0
FPGS,0
FPGT,0
FRA10AC1,0
FRAS1,0
FREM1,0
FREM2,0
FRG1,0
FRK,0
FRMD3,0
FRMD4A,0
FRMD8,0
FRRS1,0
FRY,0
FRYL,0
FRZB,0
FSCN1,0
FSD1L,0
FSTL1,0
FSTL5,0
FTCD,0
FTH1,0
FTL,0
FTO,0
FTSJ1,0
FTSJ3,0
FUBP1,0
FUBP3,0
FUCA1,0
FUCA2,0
FUK,0
FUNDC1,0
FUNDC2,0
FUOM,0
FUS,0
FUT11,0
FUT3,0
FUT8,0
FXN,0
FXR1,0
FXR2,0
FXYD1,0
FXYD2,0
FXYD4,0
FYB1,0
FYCO1,0
FYN,0
FYTTD1,0
FZD1,0
FZD6,0
G3BP1,0
G3BP2,0
G6PC,0
G6PC3,0
G6PD,0
GAA,0
GAB1,0
GAB2,0
GABARAP,0
GABARAPL1,0
GABARAPL2,0
GABPA,0
GABPB1,0
GABPB2,0
GADD45GIP1,0
GAK,0
GAL3ST1,0
GAL3ST4,0
GALC,0
GALE,0
GALK1,0
GALK2,0
GALM,0
GALNS,0
GALNT1,0
GALNT10,0
GALNT11,0
GALNT12,0
GALNT14,0
GALNT18,0
GALNT2,0
GALNT3,0
GALNT7,0
GALT,0
GAMT,0
GAN,0
GANAB,0
GANC,0
GAPDH,0
GAPDHS,0
GAPVD1,0
GAR1,0
GAREM1,0
GARS,0
GART,0
GAS2,0
GAS2L1,0
GAS6,0
GAS7,0
GATAD1,0
GATAD2A,0
GATAD2B,0
GATB,0
GATC,0
GATD1,0
GATD3B,0
GATM,0
GBA,0
GBA2,0
GBA3,0
GBE1,0
GBF1,0
GBP1,0
GBP2,0
GBP3,0
GBP4,0
GBP5,0
GBP7,0
GC,0
GCA,0
GCAT,0
GCC1,0
GCC2,0
GCDH,0
GCFC2,0
GCH1,0
GCHFR,0
GCLC,0
GCLM,0
GCN1,0
GCOM1,0
GCSH,0
GDA,0
GDAP1,0
GDAP2,0
GDE1,0
GDF15,0
GDI1,0
GDI2,0
GDPD1,0
GDPD3,0
GDPGP1,0
GEM,0
GEMIN2,0
GEMIN4,0
GEMIN5,0
GEMIN6,0
GEMIN7,0
GEMIN8,0
GET4,0
GFER,0
GFM1,0
GFM2,0
GFOD2,0
GFPT1,0
GFPT2,0
GFRA1,0
GGA1,0
GGA2,0
GGA3,0
GGACT,0
GGCT,0
GGCX,0
GGH,0
GGPS1,0
GGT1,0
GGT5,0
GGT7,0
GHDC,0
GHITM,0
GID4,0
GID8,0
GIGYF1,0
GIGYF2,0
GIMAP1,0
GIMAP1-GIMAP5,0
GIMAP2,0
GIMAP4,0
GIMAP6,0
GIMAP7,0
GIMAP8,0
GIPC1,0
GIPC2,0
GIPC3,0
GIT1,0
GIT2,0
GJA1,0
GJB1,0
GK,0
GKAP1,0
GKN1,0
GLA,0
GLB1,0
GLB1L,0
GLB1L2,0
GLCCI1,0
GLCE,0
GLDC,0
GLE1,0
GLG1,0
GLIPR1,0
GLIPR2,0
GLMN,0
GLMP,0
GLO1,0
GLOD4,0
GLOD5,0
GLRX,0
GLRX2,0
GLRX3,0
GLRX5,0
GLS,0
GLT8D1,0
GLTP,0
GLUD1,0
GLUD2,0
GLUL,0
GLYAT,0
GLYATL1,0
GLYCTK,0
GLYR1,0
GM2A,0
GMDS,0
GMEB1,0
GMEB2,0
GMFB,0
GMFG,0
GMIP,0
GMPPA,0
GMPPB,0
GMPR,0
GMPR2,0
GMPS,0
GNA11,0
GNA12,0
GNA13,0
GNAI1,0
GNAI2,0
GNAI3,0
GNAO1,0
GNAQ,0
GNAS,0
GNB1,0
GNB1L,0
GNB2,0
GNB3,0
GNB4,0
GNB5,0
GNE,0
GNG10,0
GNG11,0
GNG12,0
GNG2,0
GNG5,0
GNG7,0
GNL1,0
GNL2,0
GNL3,0
GNL3L,0
GNPAT,0
GNPDA1,0
GNPDA2,0
GNPNAT1,0
GNPTAB,0
GNPTG,0
GNS,0
GOLGA1,0
GOLGA2,0
GOLGA3,0
GOLGA4,0
GOLGA5,0
GOLGA7,0
GOLGB1,0
GOLIM4,0
GOLM1,0
GOLPH3,0
GOLPH3L,0
GOLT1B,0
GON7,0
GOPC,0
GORAB,0
GORASP1,0
GORASP2,0
GOSR1,0
GOSR2,0
GOT1,0
GOT2,0
GP1BA,0
GP1BB,0
GPAA1,0
GPALPP1,0
GPAM,0
GPAT3,0
GPAT4,0
GPATCH1,0
GPATCH11,0
GPATCH2,0
GPATCH8,0
GPBP1,0
GPC1,0
GPC4,0
GPC6,0
GPCPD1,0
GPD1,0
GPD1L,0
GPD2,0
GPHN,0
GPI,0
GPKOW,0
GPLD1,0
GPN1,0
GPN2,0
GPN3,0
GPNMB,0
GPR107,0
GPR108,0
GPR137B,0
GPR180,0
GPR89A,0
GPRASP2,0
GPRC5A,0
GPRC5B,0
GPRC5C,0
GPRIN1,0
GPRIN3,0
GPS1,0
GPS2,0
GPSM1,0
GPSM3,0
GPT,0
GPT2,0
GPX1,0
GPX3,0
GPX4,0
GPX7,0
GPX8,0
GRAMD1A,0
GRAMD2B,0
GRAMD4,0
GRAP,0
GRAP2,0
GRB10,0
GRB14,0
GRB2,0
GRB7,0
GRHPR,0
GRIPAP1,0
GRK2,0
GRK5,0
GRK6,0
GRN,0
GRPEL1,0
GRPEL2,0
GRSF1,0
GRTP1,0
GRWD1,0
GSAP,0
GSDMD,0
GSDME,0
GSE1,0
GSK3A,0
GSK3B,0
GSKIP,0
GSN,0
GSPT1,0
GSPT2,0
GSR,0
GSS,0
GSTA1,0
GSTA2,0
GSTA4,0
GSTCD,0
GSTK1,0
GSTM1,0
GSTM2,0
GSTM3,0
GSTM4,0
GSTM5,0
GSTO1,0
GSTP1,0
GSTT1,0
GSTT2B,0
GSTZ1,0
GTDC1,0
GTF2A1,0
GTF2A2,0
GTF2B,0
GTF2E1,0
GTF2E2,0
GTF2F1,0
GTF2F2,0
GTF2H1,0
GTF2H2C_2,0
GTF2H3,0
GTF2H4,0
GTF2H5,0
GTF2I,0
GTF3A,0
GTF3C1,0
GTF3C2,0
GTF3C3,0
GTF3C4,0
GTF3C5,0
GTF3C6,0
GTPBP1,0
GTPBP10,0
GTPBP2,0
GTPBP3,0
GTPBP4,0
GTPBP6,0
GTPBP8,0
GUCY1A1,0
GUCY1A2,0
GUCY1B1,0
GUF1,0
GUK1,0
GULP1,0
GUSB,0
GXYLT1,0
GYG1,0
GYPA,0
GYPC,0
GYS1,0
GZF1,0
GZMA,0
GZMH,0
GZMK,0
GZMM,0
H1F0,0
H1FX,0
H2AFX,0
H2AFY,0
H2AFY2,0
H2AFZ,0
H3F3A,0
H6PD,0
HAAO,0
HABP2,0
HABP4,0
HACD2,0
HACD3,0
HACE1,0
HACL1,0
HADH,0
HADHA,0
HADHB,0
HAGH,0
HAGHL,0
HAO2,0
HAPLN1,0
HAPLN3,0
HARS,0
HARS2,0
HAT1,0
HAUS1,0
HAUS2,0
HAUS3,0
HAUS4,0
HAUS5,0
HAUS6,0
HAUS7,0
HAUS8,0
HAVCR1,0
HAVCR2,0
HAX1,0
HBA2,0
HBB,0
HBD,0
HBE1,0
HBG1,0
HBG2,0
HBM,0
HBP1,0
HBQ1,0
HBS1L,0
HBZ,0
HCCS,0
HCFC1,0
HCFC2,0
HCK,0
HCLS1,0
HDAC1,0
HDAC10,0
HDAC11,0
HDAC2,0
HDAC3,0
HDAC4,0
HDAC5,0
HDAC6,0
HDAC7,0
HDAC8,0
HDDC2,0
HDDC3,0
HDGF,0
HDGFL2,0
HDGFL3,0
HDHD2,0
HDHD3,0
HDHD5,0
HDLBP,0
HEATR1,0
HEATR3,0
HEATR5A,0
HEATR5B,0
HEATR6,0
HEBP1,0
HEBP2,0
HECA,0
HECTD1,0
HECTD3,0
HECTD4,0
HECW1,0
HECW2,0
HEG1,0
HELZ,0
HELZ2,0
HEPH,0
HERC1,0
HERC2,0
HERC3,0
HERC4,0
HERC5,0
HERPUD1,0
HES1,0
HEXA,0
HEXB,0
HEXDC,0
HEXIM1,0
HEXIM2,0
HFE,0
HGD,0
HGF,0
HGFAC,0
HGH1,0
HGS,0
HGSNAT,0
HHLA2,0
HIBADH,0
HIBCH,0
HIC1,0
HID1,0
HIF1AN,0
HIGD1A,0
HIGD2A,0
HIKESHI,0
HILPDA,0
HINT1,0
HINT2,0
HINT3,0
HIP1,0
HIP1R,0
HIPK2,0
HIRA,0
HIRIP3,0
HIST1H1B,0
HIST1H1C,0
HIST1H1D,0
HIST1H1E,0
HIST1H2BG,0
HIST1H2BJ,0
HIST1H3A,0
HIST2H2AA4,0
HIST2H2AB,0
HIST2H2BE,0
HIST2H3A,0
HIST2H4B,0
HIST3H2BB,0
HK1,0
HK2,0
HK3,0
HKDC1,0
HLA-A,0
HLA-B,0
HLA-C,0
HLA-DMA,0
HLA-DMB,0
HLA-DPA1,0
HLA-DPB1,0
HLA-DQA1,0
HLA-DQB1,0
HLA-DRA,0
HLA-DRB1,0
HLA-DRB3,0
HLA-DRB4,0
HLA-DRB5,0
HLA-E,0
HLA-F,0
HLCS,0
HLTF,0
HM13,0
HMBOX1,0
HMBS,0
HMCES,0
HMCN1,0
HMCN2,0
HMG20A,0
HMG20B,0
HMGA1,0
HMGB1,0
HMGB2,0
HMGB3,0
HMGCL,0
HMGCLL1,0
HMGCS1,0
HMGCS2,0
HMGN1,0
HMGN2,0
HMGN3,0
HMGN4,0
HMGN5,0
HMGXB3,0
HMGXB4,0
HMOX1,0
HMOX2,0
HNF1A,0
HNF1B,0
HNF4A,0
HNF4G,0
HNMT,0
HNRNPA0,0
HNRNPA1,0
HNRNPA2B1,0
HNRNPA3,0
HNRNPAB,0
HNRNPC,0
HNRNPD,0
HNRNPDL,0
HNRNPF,0
HNRNPH1,0
HNRNPH2,0
HNRNPH3,0
HNRNPK,0
HNRNPL,0
HNRNPLL,0
HNRNPM,0
HNRNPR,0
HNRNPU,0
HNRNPUL1,0
HNRNPUL2,0
HOGA1,0
HOMER1,0
HOMER3,0
HOOK1,0
HOOK2,0
HOOK3,0
HOPX,0
HOXB4,0
HOXD8,0
HOXD9,0
HP,0
HP1BP3,0
HPCAL1,0
HPD,0
HPF1,0
HPGD,0
HPGDS,0
HPN,0
HPR,0
HPRT1,0
HPS1,0
HPS3,0
HPS4,0
HPS5,0
HPS6,0
HPX,0
HRAS,0
HRC,0
HRG,0
HRNR,0
HS1BP3,0
HS2ST1,0
HS6ST2,0
HSBP1,0
HSCB,0
HSD11B1,0
HSD11B2,0
HSD17B10,0
HSD17B11,0
HSD17B12,0
HSD17B14,0
HSD17B4,0
HSD17B7,0
HSD17B8,0
HSD3B7,0
HSDL1,0
HSDL2,0
HSF1,0
HSP90AA1,0
HSP90AB1,0
HSP90B1,0
HSPA12A,0
HSPA12B,0
HSPA13,0
HSPA14,0
HSPA1A,0
HSPA1L,0
HSPA2,0
HSPA4,0
HSPA4L,0
HSPA5,0
HSPA6,0
HSPA8,0
HSPA9,0
HSPB1,0
HSPB11,0
HSPB2,0
HSPB6,0
HSPB7,0
HSPB8,0
HSPBAP1,0
HSPBP1,0
HSPD1,0
HSPE1,0
HSPG2,0
HSPH1,0
HTATIP2,0
HTATSF1,0
HTD2,0
HTRA1,0
HTRA2,0
HTT,0
HUS1,0
HUWE1,0
HVCN1,0
HYAL1,0
HYAL2,0
HYI,0
HYKK,0
HYOU1,0
HYPK,0
IAH1,0
IARS,0
IARS2,0
IBA57,0
IBTK,0
ICA1,0
ICAM1,0
ICAM2,0
ICAM3,0
ICE1,0
ICMT,0
IDE,0
IDH1,0
IDH2,0
IDH3A,0
IDH3B,0
IDH3G,0
IDI1,0
IDNK,0
IDO1,0
IDS,0
IDUA,0
IER3IP1,0
IFFO1,0
IFI16,0
IFI30,0
IFI35,0
IFIH1,0
IFIT1,0
IFIT2,0
IFIT3,0
IFIT5,0
IFITM1,0
IFITM3,0
IFNGR1,0
IFRD2,0
IFT122,0
IFT140,0
IFT172,0
IFT20,0
IFT22,0
IFT27,0
IFT43,0
IFT46,0
IFT52,0
IFT57,0
IFT74,0
IFT80,0
IFT81,0
IFT88,0
IGBP1,0
IGF1,0
IGF1R,0
IGF2,0
IGF2BP1,0
IGF2BP2,0
IGF2BP3,0
IGF2R,0
IGFALS,0
IGFBP1,0
IGFBP2,0
IGFBP3,0
IGFBP4,0
IGFBP5,0
IGFBP6,0
IGFBP7,0
IGFLR1,0
IGHMBP2,0
IGLL1,0
IGLL5,0
IGSF3,0
IGSF8,0
IK,0
IKBIP,0
IKBKB,0
IKBKG,0
IKZF1,0
IL16,0
IL17RB,0
IL18,0
IL18BP,0
IL1RAP,0
IL32,0
IL33,0
IL4I1,0
IL6ST,0
ILF2,0
ILF3,0
ILK,0
ILKAP,0
ILVBL,0
IMMP1L,0
IMMP2L,0
IMMT,0
IMP3,0
IMP4,0
IMPA1,0
IMPA2,0
IMPACT,0
IMPAD1,0
IMPDH1,0
IMPDH2,0
INAVA,0
INF2,0
ING1,0
ING3,0
ING4,0
ING5,0
INHBC,0
INHBE,0
INIP,0
INO80,0
INO80B,0
INO80C,0
INO80E,0
INPP1,0
INPP4A,0
INPP4B,0
INPP5A,0
INPP5B,0
INPP5D,0
INPP5F,0
INPP5J,0
INPP5K,0
INPPL1,0
INSR,0
INTS1,0
INTS10,0
INTS11,0
INTS12,0
INTS13,0
INTS14,0
INTS2,0
INTS3,0
INTS4,0
INTS5,0
INTS6,0
INTS7,0
INTS8,0
INTS9,0
INTU,0
INVS,0
IP6K1,0
IPO11,0
IPO13,0
IPO4,0
IPO5,0
IPO7,0
IPO8,0
IPO9,0
IQCB1,0
IQCG,0
IQGAP1,0
IQGAP2,0
IQSEC1,0
IQSEC2,0
IRAK1,0
IRAK3,0
IRAK4,0
IREB2,0
IRF2,0
IRF2BP1,0
IRF2BP2,0
IRF2BPL,0
IRF3,0
IRF5,0
IRF6,0
IRF7,0
IRF8,0
IRF9,0
IRGQ,0
IRS1,0
IRS2,0
IRX3,0
ISCA1,0
ISCA2,0
ISCU,0
ISG15,0
ISG20,0
ISG20L2,0
ISLR,0
ISOC1,0
ISOC2,0
ISPD,0
IST1,0
ISY1-RAB43,0
ISYNA1,0
ITCH,0
ITFG1,0
ITFG2,0
ITGA1,0
ITGA2,0
ITGA2B,0
ITGA3,0
ITGA4,0
ITGA5,0
ITGA6,0
ITGA7,0
ITGA8,0
ITGAL,0
ITGAM,0
ITGAV,0
ITGAX,0
ITGB1,0
ITGB1BP1,0
ITGB2,0
ITGB3,0
ITGB4,0
ITGB5,0
ITGB6,0
ITGB8,0
ITIH1,0
ITIH2,0
ITIH3,0
ITIH4,0
ITIH5,0
ITM2B,0
ITM2C,0
ITPA,0
ITPK1,0
ITPKB,0
ITPKC,0
ITPR1,0
ITPR2,0
ITPR3,0
ITPRID2,0
ITPRIP,0
ITSN1,0
ITSN2,0
IVD,0
IVNS1ABP,0
IWS1,0
IYD,0
JADE2,0
JAG1,0
JAGN1,0
JAK1,0
JAK2,0
JAK3,0
JAM2,0
JAM3,0
JCAD,0
JCHAIN,0
JMJD1C,0
JMJD6,0
JMJD7,0
JMJD8,0
JMY,0
JOSD2,0
JPH2,0
JPT1,0
JPT2,0
JTB,0
JUN,0
JUNB,0
JUND,0
JUP,0
KALRN,0
KANK1,0
KANK2,0
KANK3,0
KANK4,0
KANSL1,0
KANSL2,0
KANSL3,0
KARS,0
KAT14,0
KAT5,0
KAT6A,0
KAT7,0
KAT8,0
KATNA1,0
KATNAL1,0
KATNB1,0
KAZN,0
KBTBD11,0
KBTBD2,0
KBTBD4,0
KBTBD6,0
KCMF1,0
KCNAB2,0
KCNJ10,0
KCNJ15,0
KCNJ16,0
KCNMA1,0
KCP,0
KCTD1,0
KCTD10,0
KCTD12,0
KCTD14,0
KCTD15,0
KCTD18,0
KCTD21,0
KCTD3,0
KCTD5,0
KCTD7,0
KCTD9,0
KDELC1,0
KDELC2,0
KDELR1,0
KDM1A,0
KDM1B,0
KDM2A,0
KDM2B,0
KDM3A,0
KDM3B,0
KDM4A,0
KDM4B,0
KDM4C,0
KDM5A,0
KDM5B,0
KDM5C,0
KDM6A,0
KDM8,0
KDSR,0
KEAP1,0
KHDC4,0
KHDRBS1,0
KHDRBS3,0
KHK,0
KHNYN,0
KHSRP,0
KIAA0100,0
KIAA0319L,0
KIAA0355,0
KIAA0391,0
KIAA0513,0
KIAA0753,0
KIAA0754,0
KIAA0930,0
KIAA1107,0
KIAA1109,0
KIAA1143,0
KIAA1147,0
KIAA1191,0
KIAA1210,0
KIAA1211,0
KIAA1211L,0
KIAA1217,0
KIAA1328,0
KIAA1522,0
KIAA1671,0
KIAA2013,0
KIDINS220,0
KIF12,0
KIF13A,0
KIF13B,0
KIF16B,0
KIF1B,0
KIF1BP,0
KIF1C,0
KIF21A,0
KIF26B,0
KIF2A,0
KIF3A,0
KIF3B,0
KIF5B,0
KIF7,0
KIFAP3,0
KIFC3,0
KIN,0
KIRREL1,0
KIT,0
KLC1,0
KLC2,0
KLC3,0
KLC4,0
KLF13,0
KLF16,0
KLF3,0
KLHDC10,0
KLHDC2,0
KLHDC3,0
KLHDC4,0
KLHDC7A,0
KLHDC9,0
KLHL11,0
KLHL13,0
KLHL20,0
KLHL22,0
KLHL26,0
KLHL36,0
KLKB1,0
KMO,0
KMT2A,0
KMT2B,0
KMT2C,0
KMT2D,0
KNDC1,0
KNG1,0
KNL1,0
KNOP1,0
KNTC1,0
KPNA1,0
KPNA2,0
KPNA3,0
KPNA4,0
KPNA6,0
KPNB1,0
KPTN,0
KRAS,0
KRBA1,0
KRI1,0
KRIT1,0
KRR1,0
KRT1,0
KRT10,0
KRT17,0
KRT18,0
KRT19,0
KRT2,0
KRT5,0
KRT7,0
KRT77,0
KRT78,0
KRT8,0
KRT80,0
KRT81,0
KRT84,0
KRT9,0
KRTCAP2,0
KSR1,0
KSR2,0
KTI12,0
KTN1,0
KXD1,0
KYAT1,0
KYAT3,0
KYNU,0
L1CAM,0
L2HGDH,0
L3HYPDH,0
L3MBTL2,0
L3MBTL3,0
LACC1,0
LACTB,0
LACTB2,0
LAD1,0
LAGE3,0
LAIR1,0
LAMA1,0
LAMA2,0
LAMA3,0
LAMA4,0
LAMA5,0
LAMB1,0
LAMB2,0
LAMC1,0
LAMC3,0
LAMP1,0
LAMP2,0
LAMTOR1,0
LAMTOR2,0
LAMTOR3,0
LAMTOR4,0
LAMTOR5,0
LANCL1,0
LANCL2,0
LAP3,0
LAPTM4A,0
LARP1,0
LARP1B,0
LARP4,0
LARP4B,0
LARP7,0
LARS,0
LARS2,0
LAS1L,0
LASP1,0
LATS1,0
LBH,0
LBP,0
LBR,0
LCAT,0
LCK,0
LCLAT1,0
LCMT1,0
LCN2,0
LCP1,0
LCP2,0
LDAH,0
LDB1,0
LDB3,0
LDHA,0
LDHB,0
LDHC,0
LDHD,0
LDLRAP1,0
LEAP2,0
LECT2,0
LEMD2,0
LEMD3,0
LENG1,0
LENG8,0
LENG9,0
LEO1,0
LEP,0
LETM1,0
LETMD1,0
LGALS1,0
LGALS2,0
LGALS3,0
LGALS3BP,0
LGALS4,0
LGALS8,0
LGALS9,0
LGALSL,0
LGMN,0
LGSN,0
LHPP,0
LIAS,0
LIG1,0
LIG3,0
LIG4,0
LILRB1,0
LILRB2,0
LILRB3,0
LILRB5,0
LIMA1,0
LIMCH1,0
LIMD1,0
LIMD2,0
LIME1,0
LIMK1,0
LIMK2,0
LIMS1,0
LIMS2,0
LIN37,0
LIN54,0
LIN7A,0
LIN7B,0
LIN7C,0
LIPA,0
LIPC,0
LIPE,0
LIPT1,0
LIPT2,0
LIX1L,0
LLGL1,0
LLGL2,0
LLPH,0
LMAN1,0
LMAN2,0
LMAN2L,0
LMBRD1,0
LMBRD2,0
LMCD1,0
LMF1,0
LMF2,0
LMNA,0
LMNB1,0
LMNB2,0
LMO4,0
LMO7,0
LMOD1,0
LMTK2,0
LNPEP,0
LNPK,0
LOC110384692,0
LONP1,0
LONP2,0
LOX,0
LOXL2,0
LOXL3,0
LOXL4,0
LPA,0
LPCAT1,0
LPCAT2,0
LPCAT3,0
LPGAT1,0
LPIN1,0
LPIN2,0
LPIN3,0
LPL,0
LPP,0
LPXN,0
LRBA,0
LRCH1,0
LRCH3,0
LRCH4,0
LRG1,0
LRIF1,0
LRMDA,0
LRMP,0
LRP1,0
LRP10,0
LRP2,0
LRPAP1,0
LRPPRC,0
LRRC1,0
LRRC14,0
LRRC17,0
LRRC19,0
LRRC20,0
LRRC25,0
LRRC32,0
LRRC40,0
LRRC41,0
LRRC47,0
LRRC57,0
LRRC58,0
LRRC59,0
LRRC8A,0
LRRC8C,0
LRRC8D,0
LRRFIP1,0
LRRFIP2,0
LRRK2,0
LRRN4,0
LRSAM1,0
LRWD1,0
LSG1,0
LSM1,0
LSM12,0
LSM14A,0
LSM14B,0
LSM2,0
LSM3,0
LSM4,0
LSM5,0
LSM6,0
LSM7,0
LSM8,0
LSP1,0
LSR,0
LSS,0
LTA4H,0
LTBP1,0
LTBP2,0
LTBP3,0
LTBP4,0
LTBR,0
LTC4S,0
LTF,0
LTN1,0
LTV1,0
LUC7L,0
LUC7L2,0
LUC7L3,0
LUM,0
LUZP1,0
LXN,0
LY6D,0
LY75-CD302,0
LYAR,0
LYN,0
LYPLA1,0
LYPLA2,0
LYPLAL1,0
LYRM1,0
LYRM2,0
LYRM4,0
LYRM7,0
LYRM9,0
LYSMD1,0
LYSMD2,0
LYSMD3,0
LYST,0
LYVE1,0
LYZ,0
LZIC,0
LZTFL1,0
LZTR1,0
LZTS1,0
LZTS2,0
LZTS3,0
M6PR,0
MACC1,0
MACF1,0
MACO1,0
MACROD1,0
MACROD2,0
MAD1L1,0
MAD2L1,0
MAD2L1BP,0
MADD,0
MAEA,0
MAF,0
MAF1,0
MAFB,0
MAFF,0
MAFK,0
MAGED1,0
MAGED2,0
MAGI1,0
MAGI2,0
MAGI3,0
MAGOHB,0
MAGT1,0
MAIP1,0
MAK16,0
MAL2,0
MALSU1,0
MALT1,0
MAMDC2,0
MAML1,0
MAML2,0
MAML3,0
MAN1A1,0
MAN1A2,0
MAN1B1,0
MAN1C1,0
MAN2A1,0
MAN2A2,0
MAN2B1,0
MAN2B2,0
MAN2C1,0
MANBA,0
MANBAL,0
MANEA,0
MANF,0
MAOA,0
MAOB,0
MAP10,0
MAP1A,0
MAP1B,0
MAP1LC3A,0
MAP1LC3B2,0
MAP1S,0
MAP2,0
MAP2K1,0
MAP2K2,0
MAP2K3,0
MAP2K4,0
MAP2K5,0
MAP2K6,0
MAP2K7,0
MAP3K1,0
MAP3K11,0
MAP3K2,0
MAP3K20,0
MAP3K21,0
MAP3K3,0
MAP3K4,0
MAP3K5,0
MAP3K6,0
MAP3K7,0
MAP3K7CL,0
MAP4,0
MAP4K1,0
MAP4K2,0
MAP4K3,0
MAP4K4,0
MAP4K5,0
MAP6,0
MAP7,0
MAP7D1,0
MAP7D2,0
MAP7D3,0
MAP9,0
MAPK1,0
MAPK12,0
MAPK13,0
MAPK14,0
MAPK1IP1L,0
MAPK3,0
MAPK7,0
MAPK8,0
MAPK8IP3,0
MAPK9,0
MAPKAP1,0
MAPKAPK2,0
MAPKAPK3,0
MAPKBP1,0
MAPRE1,0
MAPRE2,0
MAPRE3,0
MAPT,0
1-Mar,0
2-Mar,0
5-Mar,0
MARCKS,0
MARCKSL1,0
MARF1,0
MARK1,0
MARK2,0
MARK3,0
MARS,0
MARS2,0
MARVELD2,0
MARVELD3,0
MASP1,0
MASP2,0
MAST2,0
MAST3,0
MAST4,0
MAT1A,0
MAT2A,0
MAT2B,0
MATN2,0
MATR3,0
MAU2,0
MAVS,0
MAX,0
MAZ,0
MB,0
MB21D2,0
MBD1,0
MBD2,0
MBD3,0
MBD4,0
MBIP,0
MBL2,0
MBLAC1,0
MBLAC2,0
MBNL1,0
MBNL2,0
MBOAT2,0
MBOAT7,0
MBP,0
MCAM,0
MCAT,0
MCC,0
MCCC1,0
MCCC2,0
MCCD1,0
MCEE,0
MCF2L,0
MCFD2,0
MCL1,0
MCM2,0
MCM3,0
MCM3AP,0
MCM4,0
MCM5,0
MCM6,0
MCM7,0
MCMBP,0
MCRIP1,0
MCRIP2,0
MCRS1,0
MCTS1,0
MCU,0
MCUR1,0
MDC1,0
MDH1,0
MDH2,0
MDK,0
MDM1,0
MDN1,0
ME1,0
ME2,0
ME3,0
MEA1,0
MEAF6,0
MECOM,0
MECP2,0
MECR,0
MED1,0
MED10,0
MED11,0
MED12,0
MED13,0
MED14,0
MED15,0
MED16,0
MED17,0
MED18,0
MED19,0
MED20,0
MED21,0
MED22,0
MED23,0
MED24,0
MED25,0
MED27,0
MED28,0
MED29,0
MED30,0
MED31,0
MED4,0
MED6,0
MED7,0
MED8,0
MED9,0
MEF2C,0
MEF2D,0
MEGF6,0
MEGF8,0
MEGF9,0
MEIS1,0
MELTF,0
MEMO1,0
MEN1,0
MEPCE,0
MERTK,0
MESD,0
MEST,0
MET,0
METAP1,0
METAP1D,0
METAP2,0
METTL1,0
METTL13,0
METTL14,0
METTL15,0
METTL16,0
METTL17,0
METTL18,0
METTL26,0
METTL2B,0
METTL3,0
METTL5,0
METTL7A,0
METTL7B,0
METTL9,0
MEX3A,0
MFAP1,0
MFAP2,0
MFAP4,0
MFAP5,0
MFF,0
MFGE8,0
MFN1,0
MFN2,0
MFSD1,0
MFSD10,0
MFSD11,0
MFSD4A,0
MFSD4B,0
MFSD6,0
MFSD9,0
MGA,0
MGAM,0
MGARP,0
MGAT1,0
MGAT2,0
MGLL,0
MGME1,0
MGMT,0
MGP,0
MGRN1,0
MGST1,0
MGST2,0
MGST3,0
MIA2,0
MIA3,0
MIB1,0
MIB2,0
MICAL1,0
MICAL2,0
MICAL3,0
MICALL1,0
MICALL2,0
MICU1,0
MICU2,0
MID1,0
MID1IP1,0
MID2,0
MIEF1,0
MIEN1,0
MIER1,0
MIF,0
MIF4GD,0
MIGA1,0
MIGA2,0
MINDY1,0
MINDY2,0
MINDY3,0
MINK1,0
MINOS1,0
MINPP1,0
MIOS,0
MIOX,0
MIPEP,0
MIS12,0
MISP,0
MISP3,0
MITD1,0
MITF,0
MKLN1,0
MKNK1,0
MKRN1,0
MKRN2,0
MLEC,0
MLF2,0
MLH1,0
MLKL,0
MLLT1,0
MLLT6,0
MLPH,0
MLST8,0
MLX,0
MLXIP,0
MLXIPL,0
MLYCD,0
MMAA,0
MMAB,0
MMADHC,0
MME,0
MMGT1,0
MMP14,0
MMP15,0
MMP2,0
MMP24OS,0
MMP7,0
MMP8,0
MMP9,0
MMRN1,0
MMRN2,0
MMS19,0
MNAT1,0
MNDA,0
MNT,0
MOB1A,0
MOB2,0
MOB3A,0
MOB3B,0
MOB3C,0
MOB4,0
MOCS1,0
MOCS2,0
MOCS3,0
MOGS,0
MON1B,0
MON2,0
MORC2,0
MORC3,0
MORF4L1,0
MORF4L2,0
MOSPD2,0
MOV10,0
MOXD1,0
MPC1,0
MPC2,0
MPDU1,0
MPDZ,0
MPG,0
MPHOSPH10,0
MPHOSPH6,0
MPHOSPH8,0
MPI,0
MPLKIP,0
MPO,0
MPP1,0
MPP2,0
MPP5,0
MPP6,0
MPP7,0
MPPE1,0
MPPED2,0
MPRIP,0
MPST,0
MPV17,0
MPZL1,0
MPZL2,0
MRAS,0
MRC1,0
MRC2,0
MRE11,0
MRFAP1,0
MRGBP,0
MRI1,0
MRM1,0
MRM2,0
MRM3,0
MRNIP,0
MROH1,0
MRPL1,0
MRPL10,0
MRPL11,0
MRPL12,0
MRPL13,0
MRPL14,0
MRPL15,0
MRPL16,0
MRPL17,0
MRPL18,0
MRPL19,0
MRPL2,0
MRPL20,0
MRPL21,0
MRPL22,0
MRPL23,0
MRPL24,0
MRPL27,0
MRPL28,0
MRPL3,0
MRPL30,0
MRPL32,0
MRPL33,0
MRPL34,0
MRPL35,0
MRPL37,0
MRPL38,0
MRPL39,0
MRPL4,0
MRPL40,0
MRPL41,0
MRPL42,0
MRPL43,0
MRPL44,0
MRPL45,0
MRPL46,0
MRPL47,0
MRPL48,0
MRPL49,0
MRPL50,0
MRPL51,0
MRPL52,0
MRPL53,0
MRPL54,0
MRPL55,0
MRPL57,0
MRPL58,0
MRPL9,0
MRPS10,0
MRPS11,0
MRPS12,0
MRPS14,0
MRPS15,0
MRPS16,0
MRPS17,0
MRPS18A,0
MRPS18B,0
MRPS18C,0
MRPS2,0
MRPS21,0
MRPS22,0
MRPS23,0
MRPS24,0
MRPS25,0
MRPS26,0
MRPS27,0
MRPS28,0
MRPS30,0
MRPS31,0
MRPS33,0
MRPS34,0
MRPS35,0
MRPS36,0
MRPS5,0
MRPS6,0
MRPS7,0
MRPS9,0
MRRF,0
MRTFA,0
MRTFB,0
MRTO4,0
MRVI1,0
MSANTD2,0
MSH2,0
MSH3,0
MSH6,0
MSI2,0
MSL1,0
MSL2,0
MSLN,0
MSMO1,0
MSN,0
MSR1,0
MSRA,0
MSRB1,0
MSRB2,0
MSRB3,0
MST1,0
MSTO1,0
MT-ATP6,0
MT-ATP8,0
MT-CO1,0
MT-CO2,0
MT-CO3,0
MT-ND1,0
MT-ND2,0
MT-ND4,0
MT-ND5,0
MT1A,0
MT1B,0
MT1E,0
MT1F,0
MT1G,0
MT1H,0
MT1M,0
MT1X,0
MT2A,0
MT3,0
MTA1,0
MTA2,0
MTA3,0
MTAP,0
MTCH1,0
MTCH2,0
MTCL1,0
MTDH,0
MTERF1,0
MTERF3,0
MTERF4,0
MTFMT,0
MTFP1,0
MTFR1,0
MTFR1L,0
MTG1,0
MTG2,0
MTHFD1,0
MTHFD1L,0
MTHFD2,0
MTHFR,0
MTHFS,0
MTHFSD,0
MTIF2,0
MTIF3,0
MTM1,0
MTMR1,0
MTMR10,0
MTMR11,0
MTMR12,0
MTMR14,0
MTMR2,0
MTMR3,0
MTMR6,0
MTMR9,0
MTO1,0
MTOR,0
MTPAP,0
MTPN,0
MTR,0
MTREX,0
MTRF1,0
MTRF1L,0
MTRR,0
MTSS1,0
MTSS1L,0
MTTP,0
MTURN,0
MTUS1,0
MTX1,0
MTX2,0
MTX3,0
MUC1,0
MUC13,0
MUC19,0
MUC5B,0
MUL1,0
MUSTN1,0
MUT,0
MVB12A,0
MVB12B,0
MVD,0
MVK,0
MVP,0
MX1,0
MX2,0
MXRA5,0
MXRA7,0
MXRA8,0
MYADM,0
MYBBP1A,0
MYCBP,0
MYCBP2,0
MYCT1,0
MYD88,0
MYDGF,0
MYEF2,0
MYH10,0
MYH11,0
MYH14,0
MYH9,0
MYL12A,0
MYL3,0
MYL4,0
MYL6,0
MYL6B,0
MYL9,0
MYLK,0
MYO10,0
MYO15B,0
MYO18A,0
MYO19,0
MYO1B,0
MYO1C,0
MYO1D,0
MYO1E,0
MYO1F,0
MYO1G,0
MYO5A,0
MYO5B,0
MYO5C,0
MYO6,0
MYO7A,0
MYO7B,0
MYO9A,0
MYO9B,0
MYOC,0
MYOF,0
MYOM2,0
MYORG,0
MYOZ1,0
MYPN,0
MYRIP,0
MYSM1,0
MZB1,0
MZT1,0
MZT2B,0
N4BP1,0
N4BP2L1,0
N4BP2L2,0
N6AMT1,0
NAA10,0
NAA15,0
NAA16,0
NAA20,0
NAA25,0
NAA30,0
NAA35,0
NAA38,0
NAA40,0
NAA50,0
NAA80,0
NAAA,0
NAALADL2,0
NAB1,0
NAB2,0
NABP2,0
NACA,0
NACAD,0
NACC1,0
NADK,0
NADK2,0
NADSYN1,0
NAE1,0
NAF1,0
NAGA,0
NAGK,0
NAGLU,0
NAGPA,0
NAGS,0
NAIP,0
NAMPT,0
NANP,0
NANS,0
NAP1L1,0
NAP1L4,0
NAP1L5,0
NAPA,0
NAPB,0
NAPEPLD,0
NAPG,0
NAPRT,0
NAPSA,0
NARS,0
NARS2,0
NASP,0
NAT1,0
NAT10,0
NAT8,0
NAV1,0
NAV2,0
NAXD,0
NAXE,0
NBAS,0
NBDY,0
NBEA,0
NBEAL1,0
NBEAL2,0
NBN,0
NBR1,0
NCALD,0
NCAM1,0
NCAPD2,0
NCAPH,0
NCAPH2,0
NCBP1,0
NCBP2,0
NCBP2-AS2,0
NCBP3,0
NCDN,0
NCEH1,0
NCF1,0
NCF2,0
NCF4,0
NCK1,0
NCK2,0
NCKAP1,0
NCKAP1L,0
NCKAP5L,0
NCKIPSD,0
NCL,0
NCLN,0
NCOA1,0
NCOA2,0
NCOA3,0
NCOA4,0
NCOA5,0
NCOA6,0
NCOA7,0
NCOR1,0
NCOR2,0
NCS1,0
NCSTN,0
NDC1,0
NDE1,0
NDEL1,0
NDOR1,0
NDRG1,0
NDRG2,0
NDRG3,0
NDST1,0
NDUFA10,0
NDUFA11,0
NDUFA12,0
NDUFA13,0
NDUFA2,0
NDUFA3,0
NDUFA4,0
NDUFA4L2,0
NDUFA5,0
NDUFA6,0
NDUFA7,0
NDUFA8,0
NDUFA9,0
NDUFAB1,0
NDUFAF1,0
NDUFAF2,0
NDUFAF3,0
NDUFAF4,0
NDUFAF5,0
NDUFAF6,0
NDUFAF7,0
NDUFAF8,0
NDUFB1,0
NDUFB10,0
NDUFB11,0
NDUFB2,0
NDUFB3,0
NDUFB4,0
NDUFB5,0
NDUFB6,0
NDUFB7,0
NDUFB8,0
NDUFB9,0
NDUFC1,0
NDUFC2,0
NDUFS1,0
NDUFS2,0
NDUFS3,0
NDUFS4,0
NDUFS5,0
NDUFS6,0
NDUFS7,0
NDUFS8,0
NDUFV1,0
NDUFV2,0
NDUFV3,0
NEBL,0
NECAP1,0
NECAP2,0
NECTIN1,0
NECTIN2,0
NECTIN3,0
NEDD1,0
NEDD4,0
NEDD4L,0
NEDD8,0
NEDD8-MDP1,0
NEDD9,0
NEFL,0
NEFM,0
NEGR1,0
NEIL2,0
NEK1,0
NEK3,0
NEK6,0
NEK7,0
NEK8,0
NEK9,0
NELFA,0
NELFB,0
NELFCD,0
NELFE,0
NEMF,0
NEMP1,0
NENF,0
NEO1,0
NEPRO,0
NES,0
NEU1,0
NEURL4,0
NEXN,0
NF1,0
NF2,0
NFASC,0
NFAT5,0
NFATC1,0
NFATC2,0
NFATC2IP,0
NFATC3,0
NFATC4,0
NFIA,0
NFIB,0
NFIC,0
NFIX,0
NFKB1,0
NFKB2,0
NFKBIA,0
NFKBIB,0
NFKBIE,0
NFRKB,0
NFS1,0
NFU1,0
NFX1,0
NFXL1,0
NFYA,0
NFYB,0
NFYC,0
NGDN,0
NGEF,0
NGFR,0
NGLY1,0
NGRN,0
NHEJ1,0
NHLRC1,0
NHLRC2,0
NHLRC3,0
NHP2,0
NHS,0
NHSL1,0
NHSL2,0
NID1,0
NID2,0
NIF3L1,0
NIFK,0
NIN,0
NINJ1,0
NIP7,0
NIPBL,0
NIPSNAP1,0
NIPSNAP2,0
NIPSNAP3A,0
NISCH,0
NIT1,0
NIT2,0
NKAP,0
NKAPD1,0
NKIRAS1,0
NKIRAS2,0
NKRF,0
NKTR,0
NLE1,0
NLN,0
NLRC5,0
NLRP2,0
NLRP7,0
NLRX1,0
NMD3,0
NME1,0
NME1-NME2,0
NME3,0
NME6,0
NME7,0
NMI,0
NMNAT1,0
NMNAT3,0
NMRAL1,0
NMRK1,0
NMT1,0
NMT2,0
NNMT,0
NNT,0
NOA1,0
NOB1,0
NOC2L,0
NOC3L,0
NOC4L,0
NOCT,0
NOL10,0
NOL11,0
NOL3,0
NOL4L,0
NOL6,0
NOL7,0
NOL8,0
NOL9,0
NOLC1,0
NOM1,0
NOMO2,0
NOMO3,0
NONO,0
NOP10,0
NOP14,0
NOP16,0
NOP2,0
NOP53,0
NOP56,0
NOP58,0
NOP9,0
NOS1,0
NOS1AP,0
NOS3,0
NOSIP,0
NOSTRIN,0
NOTCH1,0
NOTCH2,0
NOTCH3,0
NOTCH4,0
NOV,0
NOVA1,0
NOVA2,0
NOX4,0
NOXA1,0
NPC1,0
NPC2,0
NPDC1,0
NPEPL1,0
NPEPPS,0
NPHP1,0
NPHS1,0
NPHS2,0
NPL,0
NPLOC4,0
NPM1,0
NPM3,0
NPNT,0
NPR1,0
NPR3,0
NPRL2,0
NPRL3,0
NPTN,0
NPY,0
NQO1,0
NQO2,0
NR1D1,0
NR1H2,0
NR1H4,0
NR2C1,0
NR2C2,0
NR2C2AP,0
NR2F1,0
NR2F2,0
NR2F6,0
NR3C1,0
NRAS,0
NRBF2,0
NRBP1,0
NRBP2,0
NRCAM,0
NRDC,0
NRDE2,0
NRF1,0
NRGN,0
NRIP2,0
NRK,0
NRM,0
NRP1,0
NRP2,0
NSA2,0
NSD1,0
NSD3,0
NSDHL,0
NSF,0
NSFL1C,0
NSL1,0
NSMAF,0
NSMCE1,0
NSMCE2,0
NSMCE3,0
NSMCE4A,0
NSRP1,0
NSUN2,0
NSUN4,0
NSUN5,0
NSUN6,0
NT5C,0
NT5C2,0
NT5C3A,0
NT5C3B,0
NT5DC1,0
NT5DC2,0
NT5DC3,0
NT5E,0
NTAN1,0
NTHL1,0
NTM,0
NTMT1,0
NTN1,0
NTN4,0
NTPCR,0
NUB1,0
NUBP1,0
NUBP2,0
NUBPL,0
NUCB1,0
NUCB2,0
NUCKS1,0
NUDC,0
NUDCD1,0
NUDCD2,0
NUDCD3,0
NUDT1,0
NUDT12,0
NUDT14,0
NUDT15,0
NUDT16,0
NUDT16L1,0
NUDT18,0
NUDT19,0
NUDT2,0
NUDT21,0
NUDT22,0
NUDT3,0
NUDT4,0
NUDT4B,0
NUDT5,0
NUDT6,0
NUDT7,0
NUDT8,0
NUDT9,0
NUFIP2,0
NUMA1,0
NUMB,0
NUMBL,0
NUP107,0
NUP133,0
NUP153,0
NUP155,0
NUP160,0
NUP188,0
NUP205,0
NUP210,0
NUP214,0
NUP35,0
NUP37,0
NUP43,0
NUP50,0
NUP54,0
NUP58,0
NUP62,0
NUP85,0
NUP88,0
NUP93,0
NUP98,0
NUPL2,0
NUPR1,0
NUS1,0
NUTF2,0
NVL,0
NXF1,0
NXN,0
NXNL1,0
NXT1,0
NXT2,0
NYAP1,0
OAF,0
OARD1,0
OAS1,0
OAS2,0
OAS3,0
OASL,0
OAT,0
OBSL1,0
OCIAD1,0
OCIAD2,0
OCLN,0
OCRL,0
ODF2,0
ODR4,0
OFD1,0
OGA,0
OGDH,0
OGDHL,0
OGFOD1,0
OGFOD2,0
OGFOD3,0
OGFR,0
OGFRL1,0
OGN,0
OGT,0
OLA1,0
OLFM4,0
OLFML1,0
OLFML2A,0
OLFML3,0
OMA1,0
OMD,0
OPA1,0
OPA3,0
OPHN1,0
OPLAH,0
OPTN,0
OR4C16,0
ORAI1,0
ORC2,0
ORC3,0
ORC4,0
ORC5,0
ORM1,0
ORM2,0
ORMDL3,0
OS9,0
OSBP,0
OSBP2,0
OSBPL10,0
OSBPL11,0
OSBPL1A,0
OSBPL2,0
OSBPL3,0
OSBPL5,0
OSBPL6,0
OSBPL7,0
OSBPL8,0
OSBPL9,0
OSCP1,0
OSGEP,0
OSGEPL1,0
OSTC,0
OSTF1,0
OSTM1,0
OTC,0
OTUB1,0
OTUD1,0
OTUD3,0
OTUD4,0
OTUD5,0
OTUD6B,0
OTUD7B,0
OTULIN,0
OTULINL,0
OVCA2,0
OXA1L,0
OXCT1,0
OXLD1,0
OXNAD1,0
OXR1,0
OXSM,0
OXSR1,0
P2RX4,0
P2RX7,0
P3H1,0
P3H2,0
P3H3,0
P3H4,0
P4HA1,0
P4HA2,0
P4HB,0
P4HTM,0
PA2G4,0
PAAF1,0
PABPC1,0
PABPC3,0
PABPC4,0
PABPN1,0
PACS1,0
PACS2,0
PACSIN2,0
PACSIN3,0
PADI2,0
PADI4,0
PAF1,0
PAFAH1B1,0
PAFAH1B2,0
PAFAH1B3,0
PAFAH2,0
PAG1,0
PAGR1,0
PAH,0
PAICS,0
PAIP1,0
PAIP2,0
PAIP2B,0
PAK1,0
PAK1IP1,0
PAK2,0
PAK4,0
PALD1,0
PALLD,0
PALM,0
PALM2,0
PALM2-AKAP2,0
PALM3,0
PALMD,0
PAM,0
PAMR1,0
PAN2,0
PAN3,0
PANK1,0
PANK2,0
PANK4,0
PANX1,0
PAOX,0
PAPLN,0
PAPOLA,0
PAPOLG,0
PAPPA,0
PAPPA2,0
PAPSS1,0
PAPSS2,0
PAQR7,0
PARD3,0
PARD3B,0
PARD6B,0
PARG,0
PARK7,0
PARL,0
PARM1,0
PARN,0
PARP1,0
PARP10,0
PARP12,0
PARP14,0
PARP16,0
PARP2,0
PARP4,0
PARP9,0
PARS2,0
PARVA,0
PARVB,0
PARVG,0
PATJ,0
PATL1,0
PATZ1,0
PAWR,0
PAX2,0
PAX8,0
PAXBP1,0
PAXIP1,0
PAXX,0
PBDC1,0
PBLD,0
PBRM1,0
PBX1,0
PBX2,0
PBXIP1,0
PC,0
PCBD1,0
PCBD2,0
PCBP1,0
PCBP2,0
PCBP3,0
PCCA,0
PCCB,0
PCDH1,0
PCDH12,0
PCDHB8,0
PCDHGC5,0
PCF11,0
PCGF2,0
PCGF5,0
PCID2,0
PCIF1,0
PCK1,0
PCK2,0
PCLO,0
PCM1,0
PCMT1,0
PCMTD1,0
PCMTD2,0
PCNA,0
PCNP,0
PCNT,0
PCOLCE,0
PCP4,0
PCSK1N,0
PCSK6,0
PCSK9,0
PCTP,0
PCYOX1,0
PCYOX1L,0
PCYT1A,0
PCYT2,0
PDAP1,0
PDCD10,0
PDCD11,0
PDCD2,0
PDCD2L,0
PDCD4,0
PDCD5,0
PDCD6,0
PDCD6IP,0
PDCL,0
PDCL3,0
PDE10A,0
PDE12,0
PDE1A,0
PDE1C,0
PDE2A,0
PDE3A,0
PDE4D,0
PDE4DIP,0
PDE5A,0
PDE6D,0
PDE8A,0
PDE8B,0
PDE9A,0
PDF,0
PDGFD,0
PDGFRB,0
PDHA1,0
PDHB,0
PDHX,0
PDIA2,0
PDIA3,0
PDIA4,0
PDIA5,0
PDIA6,0
PDK1,0
PDK2,0
PDK3,0
PDK4,0
PDLIM1,0
PDLIM2,0
PDLIM3,0
PDLIM4,0
PDLIM5,0
PDLIM7,0
PDP1,0
PDP2,0
PDPK1,0
PDPR,0
PDRG1,0
PDS5A,0
PDS5B,0
PDSS1,0
PDSS2,0
PDXDC1,0
PDXK,0
PDXP,0
PDZD11,0
PDZD2,0
PDZD3,0
PDZD8,0
PDZK1,0
PDZK1IP1,0
PEA15,0
PEAK1,0
PEAR1,0
PEBP1,0
PEBP4,0
PECAM1,0
PECR,0
PEF1,0
PEG10,0
PELO,0
PELP1,0
PEPD,0
PER1,0
PER3,0
PES1,0
PET100,0
PET117,0
PEX1,0
PEX10,0
PEX11A,0
PEX11B,0
PEX12,0
PEX14,0
PEX16,0
PEX19,0
PEX26,0
PEX3,0
PEX5,0
PEX6,0
PEX7,0
PF4,0
PFAS,0
PFDN1,0
PFDN2,0
PFDN4,0
PFDN5,0
PFDN6,0
PFKFB2,0
PFKFB3,0
PFKL,0
PFKM,0
PFKP,0
PFN1,0
PFN2,0
PGA3,0
PGAM1,0
PGAM2,0
PGAM4,0
PGAM5,0
PGBD5,0
PGD,0
PGGHG,0
PGGT1B,0
PGK1,0
PGK2,0
PGLS,0
PGLYRP1,0
PGLYRP2,0
PGM1,0
PGM2,0
PGM2L1,0
PGM3,0
PGM5,0
PGP,0
PGPEP1,0
PGRMC1,0
PGRMC2,0
PGS1,0
PHACTR2,0
PHACTR4,0
PHAX,0
PHB,0
PHB2,0
PHC1,0
PHC2,0
PHC3,0
PHETA1,0
PHF1,0
PHF10,0
PHF11,0
PHF14,0
PHF2,0
PHF20L1,0
PHF21A,0
PHF23,0
PHF3,0
PHF5A,0
PHF6,0
PHF8,0
PHGDH,0
PHIP,0
PHKA1,0
PHKA2,0
PHKB,0
PHKG2,0
PHLDA1,0
PHLDA3,0
PHLDB1,0
PHLDB2,0
PHPT1,0
PHRF1,0
PHYH,0
PHYHD1,0
PHYHIPL,0
PHYKPL,0
PI16,0
PI3,0
PI4K2A,0
PI4K2B,0
PI4KA,0
PI4KB,0
PIAS1,0
PIAS4,0
PIBF1,0
PICALM,0
PICK1,0
PID1,0
PIEZO1,0
PIGA,0
PIGBOS1,0
PIGG,0
PIGK,0
PIGN,0
PIGO,0
PIGQ,0
PIGR,0
PIGS,0
PIGT,0
PIGU,0
PIGX,0
PIH1D1,0
PIK3AP1,0
PIK3C2A,0
PIK3C2B,0
PIK3C3,0
PIK3CA,0
PIK3CB,0
PIK3CD,0
PIK3CG,0
PIK3IP1,0
PIK3R1,0
PIK3R2,0
PIK3R4,0
PIKFYVE,0
PIN1,0
PIN4,0
PIP4K2A,0
PIP4K2B,0
PIP4K2C,0
PIP4P1,0
PIP4P2,0
PIP5K1A,0
PIP5K1C,0
PIPOX,0
PIR,0
PISD,0
PITHD1,0
PITPNA,0
PITPNB,0
PITPNC1,0
PITPNM1,0
PITPNM2,0
PITRM1,0
PJA1,0
PJA2,0
PJVK,0
PKD2,0
PKIA,0
PKIG,0
PKLR,0
PKM,0
PKN1,0
PKN2,0
PKNOX1,0
PKP2,0
PKP3,0
PKP4,0
PLA2G12A,0
PLA2G12B,0
PLA2G15,0
PLA2G16,0
PLA2G1B,0
PLA2G2A,0
PLA2G4A,0
PLA2G4C,0
PLA2G4F,0
PLA2G7,0
PLA2R1,0
PLAA,0
PLAC9,0
PLAT,0
PLAU,0
PLAUR,0
PLBD1,0
PLBD2,0
PLCB1,0
PLCB2,0
PLCB3,0
PLCB4,0
PLCD1,0
PLCD3,0
PLCD4,0
PLCG1,0
PLCG2,0
PLCH1,0
PLCL1,0
PLCL2,0
PLCXD3,0
PLD1,0
PLD2,0
PLD3,0
PLD4,0
PLEC,0
PLEK,0
PLEK2,0
PLEKHA1,0
PLEKHA2,0
PLEKHA3,0
PLEKHA4,0
PLEKHA5,0
PLEKHA6,0
PLEKHA7,0
PLEKHB2,0
PLEKHF1,0
PLEKHF2,0
PLEKHG1,0
PLEKHG2,0
PLEKHG3,0
PLEKHG4B,0
PLEKHM1,0
PLEKHM2,0
PLEKHO1,0
PLEKHO2,0
PLG,0
PLGRKT,0
PLIN1,0
PLIN2,0
PLIN3,0
PLIN4,0
PLIN5,0
PLLP,0
PLOD1,0
PLOD2,0
PLOD3,0
PLP2,0
PLPBP,0
PLPP1,0
PLPP3,0
PLRG1,0
PLS1,0
PLS3,0
PLSCR1,0
PLSCR3,0
PLSCR4,0
PLTP,0
PLVAP,0
PLXDC2,0
PLXNA1,0
PLXNB1,0
PLXNB2,0
PLXNC1,0
PLXND1,0
PM20D2,0
PMF1,0
PMFBP1,0
PML,0
PMM1,0
PMM2,0
PMPCA,0
PMPCB,0
PMS2,0
PMVK,0
PNCK,0
PNISR,0
PNKD,0
PNKP,0
PNMA1,0
PNMA2,0
PNN,0
PNO1,0
PNP,0
PNPLA2,0
PNPLA4,0
PNPLA6,0
PNPLA8,0
PNPO,0
PNPT1,0
POC1B,0
POC1B-GALNT4,0
POC5,0
PODN,0
PODXL,0
POF1B,0
POFUT1,0
POFUT2,0
POGK,0
POGLUT1,0
POGZ,0
POLA1,0
POLB,0
POLD1,0
POLD2,0
POLD3,0
POLD4,0
POLDIP2,0
POLDIP3,0
POLE3,0
POLE4,0
POLG,0
POLG2,0
POLI,0
POLK,0
POLR1A,0
POLR1B,0
POLR1C,0
POLR1D,0
POLR1E,0
POLR2A,0
POLR2B,0
POLR2C,0
POLR2D,0
POLR2E,0
POLR2F,0
POLR2G,0
POLR2H,0
POLR2I,0
POLR2J3,0
POLR2K,0
POLR2L,0
POLR3A,0
POLR3B,0
POLR3C,0
POLR3D,0
POLR3E,0
POLR3F,0
POLR3GL,0
POLR3H,0
POLRMT,0
POM121C,0
POMGNT1,0
POMGNT2,0
POMP,0
POMT1,0
PON1,0
PON2,0
POP1,0
POP4,0
POP5,0
POP7,0
POR,0
POSTN,0
POT1,0
POTEE,0
POTEF,0
POTEI,0
POTEJ,0
POU2F1,0
POU3F3,0
PPA1,0
PPA2,0
PPAN-P2RY11,0
PPAT,0
PPBP,0
PPCDC,0
PPCS,0
PPDPF,0
PPFIA1,0
PPFIBP1,0
PPFIBP2,0
PPHLN1,0
PPIA,0
PPIB,0
PPIC,0
PPID,0
PPIE,0
PPIF,0
PPIG,0
PPIH,0
PPIL1,0
PPIL2,0
PPIL3,0
PPIL4,0
PPIP5K1,0
PPIP5K2,0
PPL,0
PPM1A,0
PPM1B,0
PPM1F,0
PPM1G,0
PPM1H,0
PPM1K,0
PPM1L,0
PPME1,0
PPOX,0
PPP1CA,0
PPP1CB,0
PPP1CC,0
PPP1R10,0
PPP1R11,0
PPP1R12A,0
PPP1R12B,0
PPP1R12C,0
PPP1R13B,0
PPP1R13L,0
PPP1R14A,0
PPP1R14B,0
PPP1R14C,0
PPP1R16A,0
PPP1R16B,0
PPP1R18,0
PPP1R1A,0
PPP1R2,0
PPP1R21,0
PPP1R37,0
PPP1R3D,0
PPP1R3E,0
PPP1R3G,0
PPP1R7,0
PPP1R8,0
PPP1R9A,0
PPP1R9B,0
PPP2CA,0
PPP2CB,0
PPP2R1A,0
PPP2R1B,0
PPP2R2A,0
PPP2R2D,0
PPP2R3A,0
PPP2R5A,0
PPP2R5B,0
PPP2R5C,0
PPP2R5D,0
PPP2R5E,0
PPP3CA,0
PPP3CB,0
PPP3CC,0
PPP3R1,0
PPP4C,0
PPP4R1,0
PPP4R2,0
PPP4R3A,0
PPP4R3B,0
PPP5C,0
PPP6C,0
PPP6R1,0
PPP6R2,0
PPP6R3,0
PPT1,0
PPT2,0
PPTC7,0
PPWD1,0
PQBP1,0
PRAF2,0
PRAG1,0
PRAM1,0
PRAP1,0
PRCC,0
PRCP,0
PRDM16,0
PRDX1,0
PRDX2,0
PRDX3,0
PRDX4,0
PRDX5,0
PRDX6,0
PREB,0
PRELP,0
PREP,0
PREPL,0
PREX1,0
PREX2,0
PRF1,0
PRG2,0
PRG3,0
PRG4,0
PRIM2,0
PRIMPOL,0
PRKAA1,0
PRKAA2,0
PRKAB1,0
PRKAB2,0
PRKACA,0
PRKACB,0
PRKAG1,0
PRKAG2,0
PRKAR1A,0
PRKAR1B,0
PRKAR2A,0
PRKAR2B,0
PRKCA,0
PRKCB,0
PRKCD,0
PRKCE,0
PRKCH,0
PRKCI,0
PRKCQ,0
PRKCSH,0
PRKCZ,0
PRKD1,0
PRKD2,0
PRKDC,0
PRKG1,0
PRKN,0
PRKRA,0
PRKRIP1,0
PRMT1,0
PRMT2,0
PRMT3,0
PRMT5,0
PRMT7,0
PRMT9,0
PRNP,0
PROC,0
PROCR,0
PRODH,0
PRODH2,0
PROM1,0
PROM2,0
PROS1,0
PROSER1,0
PROSER2,0
PROZ,0
PRPF18,0
PRPF19,0
PRPF3,0
PRPF31,0
PRPF38A,0
PRPF38B,0
PRPF39,0
PRPF4,0
PRPF40A,0
PRPF40B,0
PRPF4B,0
PRPF6,0
PRPF8,0
PRPH,0
PRPS1,0
PRPS2,0
PRPSAP1,0
PRPSAP2,0
PRR12,0
PRR14,0
PRR15,0
PRR5,0
PRRC1,0
PRRC2A,0
PRRC2B,0
PRRC2C,0
PRSS1,0
PRSS2,0
PRSS23,0
PRSS8,0
PRTFDC1,0
PRTN3,0
PRUNE1,0
PRUNE2,0
PSAP,0
PSAT1,0
PSD3,0
PSD4,0
PSEN1,0
PSIP1,0
PSMA1,0
PSMA2,0
PSMA3,0
PSMA4,0
PSMA5,0
PSMA6,0
PSMA7,0
PSMB1,0
PSMB10,0
PSMB2,0
PSMB3,0
PSMB4,0
PSMB5,0
PSMB6,0
PSMB7,0
PSMB8,0
PSMB9,0
PSMC1,0
PSMC2,0
PSMC3,0
PSMC4,0
PSMC5,0
PSMC6,0
PSMD1,0
PSMD10,0
PSMD11,0
PSMD12,0
PSMD13,0
PSMD14,0
PSMD2,0
PSMD3,0
PSMD4,0
PSMD5,0
PSMD6,0
PSMD7,0
PSMD8,0
PSMD9,0
PSME1,0
PSME2,0
PSME3,0
PSME4,0
PSMF1,0
PSMG1,0
PSMG2,0
PSMG3,0
PSMG4,0
PSPC1,0
PSPH,0
PSTPIP1,0
PSTPIP2,0
PTAR1,0
PTBP1,0
PTBP2,0
PTBP3,0
PTCD2,0
PTCD3,0
PTDSS1,0
PTDSS2,0
PTEN,0
PTER,0
PTGDS,0
PTGER3,0
PTGES,0
PTGES2,0
PTGES3,0
PTGFRN,0
PTGIS,0
PTGR1,0
PTGR2,0
PTGS1,0
PTH1R,0
PTK2,0
PTK2B,0
PTK7,0
PTMA,0
PTMS,0
PTN,0
PTP4A1,0
PTP4A2,0
PTPA,0
PTPMT1,0
PTPN1,0
PTPN11,0
PTPN12,0
PTPN13,0
PTPN14,0
PTPN18,0
PTPN2,0
PTPN21,0
PTPN23,0
PTPN3,0
PTPN4,0
PTPN6,0
PTPN7,0
PTPN9,0
PTPRA,0
PTPRB,0
PTPRC,0
PTPRCAP,0
PTPRD,0
PTPRE,0
PTPRF,0
PTPRG,0
PTPRJ,0
PTPRK,0
PTPRM,0
PTPRO,0
PTPRS,0
PTPRU,0
PTRH1,0
PTRH2,0
PTRHD1,0
PTS,0
PTTG1IP,0
PTX3,0
PUDP,0
PUF60,0
PUM1,0
PUM2,0
PUM3,0
PURA,0
PURB,0
PUS1,0
PUS10,0
PUS3,0
PUS7,0
PUS7L,0
PUSL1,0
PVALB,0
PVR,0
PWP1,0
PWP2,0
PWWP2A,0
PXDC1,0
PXDN,0
PXK,0
PXMP2,0
PXMP4,0
PXN,0
PYCARD,0
PYCR1,0
PYCR2,0
PYCR3,0
PYGB,0
PYGL,0
PYGM,0
PYGO2,0
PYHIN1,0
PYM1,0
PYROXD1,0
PYROXD2,0
PYURF,0
PZP,0
QARS,0
QDPR,0
QKI,0
QPCT,0
QPCTL,0
QPRT,0
QRICH1,0
QRSL1,0
QSER1,0
QSOX1,0
QSOX2,0
QTRT1,0
QTRT2,0
R3HCC1,0
R3HCC1L,0
R3HDM1,0
R3HDM2,0
RAB10,0
RAB11A,0
RAB11B,0
RAB11FIP1,0
RAB11FIP2,0
RAB11FIP3,0
RAB11FIP4,0
RAB11FIP5,0
RAB12,0
RAB13,0
RAB14,0
RAB17,0
RAB18,0
RAB19,0
RAB1A,0
RAB1B,0
RAB20,0
RAB21,0
RAB22A,0
RAB23,0
RAB24,0
RAB25,0
RAB27A,0
RAB27B,0
RAB28,0
RAB29,0
RAB2A,0
RAB2B,0
RAB30,0
RAB31,0
RAB32,0
RAB33B,0
RAB34,0
RAB35,0
RAB36,0
RAB38,0
RAB39A,0
RAB3A,0
RAB3D,0
RAB3GAP1,0
RAB3GAP2,0
RAB3IL1,0
RAB3IP,0
RAB40C,0
RAB42,0
RAB43,0
RAB4A,0
RAB4B,0
RAB5A,0
RAB5B,0
RAB5C,0
RAB5IF,0
RAB6A,0
RAB6B,0
RAB6D,0
RAB7A,0
RAB8A,0
RAB8B,0
RAB9A,0
RABAC1,0
RABEP1,0
RABEP2,0
RABEPK,0
RABGAP1,0
RABGAP1L,0
RABGEF1,0
RABGGTA,0
RABGGTB,0
RABIF,0
RABL2B,0
RABL3,0
RABL6,0
RAC1,0
RAC2,0
RACK1,0
RAD1,0
RAD17,0
RAD21,0
RAD23A,0
RAD23B,0
RAD50,0
RAD54L2,0
RAD9A,0
RAE1,0
RAF1,0
RAI1,0
RAI14,0
RALA,0
RALB,0
RALBP1,0
RALGAPA1,0
RALGAPA2,0
RALGAPB,0
RALGPS2,0
RALY,0
RALYL,0
RAMAC,0
RAMP2,0
RAN,0
RANBP1,0
RANBP10,0
RANBP2,0
RANBP3,0
RANBP6,0
RANBP9,0
RANGAP1,0
RANGRF,0
RAP1A,0
RAP1B,0
RAP1GAP,0
RAP1GAP2,0
RAP1GDS1,0
RAP2A,0
RAP2B,0
RAP2C,0
RAPGEF1,0
RAPGEF2,0
RAPGEF3,0
RAPGEF4,0
RAPGEF6,0
RAPH1,0
RARA,0
RARRES2,0
RARS,0
RARS2,0
RASA1,0
RASA2,0
RASA3,0
RASA4B,0
RASAL1,0
RASAL2,0
RASAL3,0
RASGRF2,0
RASGRP2,0
RASIP1,0
RASL12,0
RASSF2,0
RASSF4,0
RASSF5,0
RASSF6,0
RASSF7,0
RASSF8,0
RAVER1,0
RAVER2,0
RB1,0
RB1CC1,0
RBBP4,0
RBBP5,0
RBBP6,0
RBBP7,0
RBBP9,0
RBCK1,0
RBFA,0
RBFOX2,0
RBKS,0
RBL2,0
RBM10,0
RBM12,0
RBM12B,0
RBM14,0
RBM15,0
RBM15B,0
RBM17,0
RBM18,0
RBM19,0
RBM22,0
RBM25,0
RBM26,0
RBM27,0
RBM28,0
RBM3,0
RBM33,0
RBM34,0
RBM38,0
RBM39,0
RBM4,0
RBM42,0
RBM43,0
RBM45,0
RBM47,0
RBM4B,0
RBM5,0
RBM6,0
RBM7,0
RBM8A,0
RBMS1,0
RBMS2,0
RBMS3,0
RBMX,0
RBMX2,0
RBMXL1,0
RBP1,0
RBP4,0
RBP5,0
RBP7,0
RBPJ,0
RBPMS,0
RBPMS2,0
RBSN,0
RBX1,0
RC3H1,0
RC3H2,0
RCAN1,0
RCBTB1,0
RCBTB2,0
RCC1,0
RCC1L,0
RCC2,0
RCCD1,0
RCHY1,0
RCL1,0
RCN1,0
RCN2,0
RCN3,0
RCOR1,0
RCOR3,0
RCSD1,0
RDH10,0
RDH11,0
RDH12,0
RDH14,0
RDX,0
RECK,0
RECQL,0
RECQL5,0
REEP3,0
REEP4,0
REEP5,0
REEP6,0
REG1A,0
REL,0
RELA,0
RELB,0
RELCH,0
RELL1,0
REN,0
RENBP,0
REPIN1,0
REPS1,0
REPS2,0
RER1,0
RERE,0
RERG,0
REST,0
RETN,0
RETREG2,0
RETREG3,0
RETSAT,0
REXO2,0
REXO4,0
RFC1,0
RFC2,0
RFC3,0
RFC4,0
RFC5,0
RFESD,0
RFFL,0
RFK,0
RFLNB,0
RFT1,0
RFTN1,0
RFX1,0
RFX2,0
RFX5,0
RFXANK,0
RFXAP,0
RGCC,0
RGL1,0
RGL2,0
RGL3,0
RGN,0
RGP1,0
RGS10,0
RGS12,0
RGS14,0
RGS19,0
RGS3,0
RHAG,0
RHBDD2,0
RHBDF1,0
RHBDF2,0
RHCE,0
RHCG,0
RHEB,0
RHOA,0
RHOB,0
RHOC,0
RHOF,0
RHOG,0
RHOQ,0
RHOT1,0
RHOT2,0
RHPN2,0
RIC8A,0
RIC8B,0
RICTOR,0
RIDA,0
RIF1,0
RILP,0
RILPL1,0
RILPL2,0
RIN1,0
RIN2,0
RIN3,0
RING1,0
RINT1,0
RIOK1,0
RIOK2,0
RIOK3,0
RIOX1,0
RIOX2,0
RIPK1,0
RIPK2,0
RIPK3,0
RIPK4,0
RIPOR1,0
RIT1,0
RLIM,0
RMC1,0
RMDN1,0
RMDN2,0
RMDN3,0
RMND1,0
RMND5A,0
RNASE1,0
RNASE2,0
RNASE3,0
RNASE4,0
RNASE6,0
RNASEH2A,0
RNASEH2B,0
RNASEH2C,0
RNASEL,0
RNASET2,0
RND3,0
RNF10,0
RNF11,0
RNF113A,0
RNF114,0
RNF115,0
RNF121,0
RNF123,0
RNF126,0
RNF13,0
RNF135,0
RNF14,0
RNF146,0
RNF166,0
RNF167,0
RNF169,0
RNF170,0
RNF181,0
RNF185,0
RNF187,0
RNF2,0
RNF20,0
RNF213,0
RNF214,0
RNF219,0
RNF220,0
RNF25,0
RNF31,0
RNF4,0
RNF40,0
RNF41,0
RNF5,0
RNF7,0
RNGTT,0
RNH1,0
RNLS,0
RNMT,0
RNPC3,0
RNPEP,0
RNPS1,0
ROBO1,0
ROCK1,0
ROCK2,0
ROGDI,0
ROMO1,0
ROR1,0
RP1L1,0
RP2,0
RP9,0
RPA1,0
RPA2,0
RPA3,0
RPAIN,0
RPAP1,0
RPAP2,0
RPAP3,0
RPE,0
RPEL1,0
RPF1,0
RPF2,0
RPIA,0
RPL10,0
RPL10A,0
RPL11,0
RPL12,0
RPL13,0
RPL13A,0
RPL14,0
RPL15,0
RPL17,0
RPL18,0
RPL18A,0
RPL19,0
RPL21,0
RPL22,0
RPL22L1,0
RPL23,0
RPL23A,0
RPL24,0
RPL26,0
RPL26L1,0
RPL27,0
RPL27A,0
RPL28,0
RPL29,0
RPL3,0
RPL30,0
RPL31,0
RPL32,0
RPL34,0
RPL35,0
RPL35A,0
RPL36,0
RPL36A-HNRNPH2,0
RPL36AL,0
RPL37,0
RPL37A,0
RPL38,0
RPL39,0
RPL4,0
RPL5,0
RPL6,0
RPL7,0
RPL7A,0
RPL7L1,0
RPL8,0
RPL9,0
RPLP0,0
RPLP1,0
RPLP2,0
RPN1,0
RPN2,0
RPP14,0
RPP21,0
RPP25,0
RPP25L,0
RPP30,0
RPP38,0
RPP40,0
RPRD1A,0
RPRD1B,0
RPRD2,0
RPS10,0
RPS11,0
RPS12,0
RPS13,0
RPS14,0
RPS15,0
RPS15A,0
RPS16,0
RPS17,0
RPS18,0
RPS19,0
RPS19BP1,0
RPS2,0
RPS20,0
RPS21,0
RPS23,0
RPS24,0
RPS25,0
RPS26,0
RPS27,0
RPS27A,0
RPS27L,0
RPS28,0
RPS29,0
RPS3,0
RPS3A,0
RPS4X,0
RPS4Y1,0
RPS5,0
RPS6,0
RPS6KA1,0
RPS6KA3,0
RPS6KA4,0
RPS6KA5,0
RPS6KB1,0
RPS6KB2,0
RPS6KC1,0
RPS7,0
RPS8,0
RPS9,0
RPSA,0
RPTOR,0
RPUSD2,0
RPUSD3,0
RPUSD4,0
RRAD,0
RRAGA,0
RRAGB,0
RRAGC,0
RRAGD,0
RRAS,0
RRAS2,0
RRBP1,0
RREB1,0
RRM1,0
RRM2,0
RRM2B,0
RRN3,0
RRP1,0
RRP12,0
RRP15,0
RRP1B,0
RRP7A,0
RRP8,0
RRP9,0
RRS1,0
RSAD1,0
RSBN1,0
RSBN1L,0
RSF1,0
RSL1D1,0
RSL24D1,0
RSPRY1,0
RSRC1,0
RSRC2,0
RSU1,0
RTCA,0
RTCB,0
RTF1,0
RTF2,0
RTKN,0
RTL8C,0
RTN1,0
RTN2,0
RTN3,0
RTN4,0
RTN4IP1,0
RTRAF,0
RUBCN,0
RUFY1,0
RUFY2,0
RUFY3,0
RUNX1,0
RUNX2,0
RUNX3,0
RUVBL1,0
RUVBL2,0
RWDD1,0
RWDD2B,0
RWDD4,0
RXRA,0
RXRB,0
RYBP,0
S100A1,0
S100A10,0
S100A11,0
S100A12,0
S100A13,0
S100A16,0
S100A2,0
S100A3,0
S100A4,0
S100A6,0
S100A8,0
S100A9,0
S100B,0
S100P,0
SAA1,0
SAA2,0
SAA2-SAA4,0
SAAL1,0
SACM1L,0
SACS,0
SAE1,0
SAFB,0
SAFB2,0
SALL1,0
SAMD1,0
SAMD12,0
SAMD4A,0
SAMD4B,0
SAMD9,0
SAMD9L,0
SAMHD1,0
SAMM50,0
SAMSN1,0
SAP130,0
SAP18,0
SAP30,0
SAP30BP,0
SAP30L,0
SAR1A,0
SAR1B,0
SARAF,0
SARDH,0
SARM1,0
SARNP,0
SARS,0
SARS2,0
SART1,0
SART3,0
SASH1,0
SASH3,0
SAT2,0
SAV1,0
SBDS,0
SBF1,0
SBF2,0
SBNO1,0
SBSN,0
SBSPON,0
SC5D,0
SCAF1,0
SCAF11,0
SCAF4,0
SCAF8,0
SCAI,0
SCAMP1,0
SCAMP2,0
SCAMP3,0
SCAMP4,0
SCAPER,0
SCARB1,0
SCARB2,0
SCARF1,0
SCARF2,0
SCCPDH,0
SCD,0
SCD5,0
SCFD1,0
SCFD2,0
SCGN,0
SCHIP1,0
SCIN,0
SCLT1,0
SCLY,0
SCO1,0
SCO2,0
SCOC,0
SCP2,0
SCPEP1,0
SCRIB,0
SCRN1,0
SCRN2,0
SCRN3,0
SCUBE1,0
SCUBE3,0
SCYL1,0
SCYL2,0
SCYL3,0
SDAD1,0
SDC1,0
SDC2,0
SDC4,0
SDCBP,0
SDCBP2,0
SDCCAG8,0
SDE2,0
SDF2,0
SDF2L1,0
SDF4,0
SDHA,0
SDHAF1,0
SDHAF2,0
SDHAF3,0
SDHAF4,0
SDHB,0
SDHC,0
SDHD,0
SDK1,0
SDR39U1,0
SDS,0
SDSL,0
SEC11A,0
SEC11C,0
SEC13,0
SEC14L1,0
SEC14L2,0
SEC14L4,0
SEC16A,0
SEC22A,0
SEC22B,0
SEC23A,0
SEC23B,0
SEC23IP,0
SEC24A,0
SEC24B,0
SEC24C,0
SEC24D,0
SEC31A,0
SEC61A1,0
SEC61B,0
SEC61G,0
SEC62,0
SEC63,0
SECISBP2,0
SECISBP2L,0
SEH1L,0
SEL1L,0
SELENBP1,0
SELENOF,0
SELENOH,0
SELENOI,0
SELENOK,0
SELENOM,0
SELENOO,0
SELENOP,0
SELENOS,0
SELENOT,0
SELENOW,0
SELL,0
SELP,0
SEMA3B,0
SEMA4A,0
SEMA4B,0
SEMA4C,0
SEMA4D,0
SEMA5A,0
SEMA5B,0
SENP1,0
SENP2,0
SENP3,0
SENP6,0
SENP7,0
SENP8,0
SEPHS1,0
SEPHS2,0
SEPSECS,0
1-Sep,0
10-Sep,0
11-Sep,0
2-Sep,0
3-Sep,0
4-Sep,0
5-Sep,0
6-Sep,0
7-Sep,0
8-Sep,0
9-Sep,0
SERAC1,0
SERBP1,0
SERF2,0
SERGEF,0
SERINC1,0
SERINC3,0
SERPINA1,0
SERPINA10,0
SERPINA3,0
SERPINA4,0
SERPINA5,0
SERPINA6,0
SERPINA7,0
SERPINB1,0
SERPINB10,0
SERPINB6,0
SERPINB7,0
SERPINB8,0
SERPINB9,0
SERPINC1,0
SERPIND1,0
SERPINE1,0
SERPINE2,0
SERPINF1,0
SERPINF2,0
SERPING1,0
SERPINH1,0
SERPINI1,0
SESN1,0
SESN2,0
SESTD1,0
SET,0
SETD1A,0
SETD1B,0
SETD2,0
SETD3,0
SETD7,0
SETD9,0
SETDB1,0
SETMAR,0
SETX,0
SEZ6L2,0
SF1,0
SF3A1,0
SF3A2,0
SF3A3,0
SF3B1,0
SF3B2,0
SF3B3,0
SF3B4,0
SF3B5,0
SF3B6,0
SFN,0
SFPQ,0
SFRP1,0
SFRP4,0
SFSWAP,0
SFT2D2,0
SFT2D3,0
SFXN1,0
SFXN2,0
SFXN3,0
SFXN4,0
SFXN5,0
SGCD,0
SGF29,0
SGIP1,0
SGK2,0
SGK3,0
SGPL1,0
SGPP1,0
SGSH,0
SGSM3,0
SGTA,0
SGTB,0
SH2B1,0
SH2B2,0
SH2D1A,0
SH2D3A,0
SH2D4A,0
SH3BGRL,0
SH3BGRL2,0
SH3BGRL3,0
SH3BP1,0
SH3BP2,0
SH3BP4,0
SH3BP5,0
SH3BP5L,0
SH3D19,0
SH3GL1,0
SH3GL2,0
SH3GLB1,0
SH3GLB2,0
SH3KBP1,0
SH3PXD2A,0
SH3PXD2B,0
SH3RF1,0
SH3TC1,0
SH3YL1,0
SHANK2,0
SHANK3,0
SHARPIN,0
SHB,0
SHBG,0
SHC1,0
SHE,0
SHKBP1,0
SHMT1,0
SHMT2,0
SHOC2,0
SHPK,0
SHROOM1,0
SHROOM2,0
SHROOM3,0
SHROOM4,0
SHTN1,0
SIAE,0
SIAH1,0
SIDT2,0
SIGIRR,0
SIGLEC1,0
SIK2,0
SIK3,0
SIKE1,0
SIL1,0
SIN3A,0
SIN3B,0
SIPA1,0
SIPA1L1,0
SIPA1L2,0
SIPA1L3,0
SIRPA,0
SIRT1,0
SIRT2,0
SIRT3,0
SIRT5,0
SIRT6,0
SIVA1,0
SKAP1,0
SKAP2,0
SKIV2L,0
SKP1,0
SLAIN2,0
SLC11A2,0
SLC12A1,0
SLC12A2,0
SLC12A3,0
SLC12A4,0
SLC12A6,0
SLC12A7,0
SLC12A9,0
SLC13A1,0
SLC13A2,0
SLC13A3,0
SLC14A1,0
SLC15A2,0
SLC15A4,0
SLC16A1,0
SLC16A10,0
SLC16A2,0
SLC16A3,0
SLC16A4,0
SLC16A7,0
SLC17A3,0
SLC17A5,0
SLC1A1,0
SLC1A4,0
SLC1A5,0
SLC20A2,0
SLC22A11,0
SLC22A12,0
SLC22A13,0
SLC22A18,0
SLC22A2,0
SLC22A4,0
SLC22A5,0
SLC22A6,0
SLC22A7,0
SLC22A8,0
SLC23A1,0
SLC25A1,0
SLC25A10,0
SLC25A11,0
SLC25A12,0
SLC25A13,0
SLC25A15,0
SLC25A16,0
SLC25A17,0
SLC25A19,0
SLC25A20,0
SLC25A21,0
SLC25A22,0
SLC25A23,0
SLC25A24,0
SLC25A25,0
SLC25A26,0
SLC25A28,0
SLC25A29,0
SLC25A3,0
SLC25A30,0
SLC25A32,0
SLC25A35,0
SLC25A36,0
SLC25A4,0
SLC25A40,0
SLC25A42,0
SLC25A46,0
SLC25A5,0
SLC25A51,0
SLC25A6,0
SLC26A1,0
SLC26A6,0
SLC27A1,0
SLC27A2,0
SLC27A3,0
SLC27A4,0
SLC28A1,0
SLC29A1,0
SLC2A1,0
SLC2A13,0
SLC2A2,0
SLC2A3,0
SLC2A5,0
SLC2A8,0
SLC2A9,0
SLC30A1,0
SLC30A5,0
SLC30A6,0
SLC30A7,0
SLC30A9,0
SLC31A1,0
SLC33A1,0
SLC34A1,0
SLC34A2,0
SLC34A3,0
SLC35A1,0
SLC35A2,0
SLC35A5,0
SLC35B2,0
SLC35B3,0
SLC35E1,0
SLC35F6,0
SLC36A1,0
SLC36A2,0
SLC37A4,0
SLC38A1,0
SLC38A10,0
SLC38A2,0
SLC39A10,0
SLC39A11,0
SLC39A14,0
SLC39A5,0
SLC39A6,0
SLC39A7,0
SLC39A9,0
SLC3A1,0
SLC3A2,0
SLC41A3,0
SLC43A2,0
SLC43A3,0
SLC44A1,0
SLC44A2,0
SLC44A3,0
SLC44A4,0
SLC47A1,0
SLC47A2,0
SLC4A1,0
SLC4A1AP,0
SLC4A2,0
SLC4A4,0
SLC4A7,0
SLC52A2,0
SLC5A1,0
SLC5A10,0
SLC5A11,0
SLC5A12,0
SLC5A2,0
SLC5A3,0
SLC5A8,0
SLC5A9,0
SLC6A12,0
SLC6A13,0
SLC6A19,0
SLC6A6,0
SLC6A8,0
SLC7A5,0
SLC7A6OS,0
SLC7A7,0
SLC7A8,0
SLC7A9,0
SLC8A1,0
SLC9A1,0
SLC9A3,0
SLC9A3R1,0
SLC9A3R2,0
SLC9A6,0
SLC9A7,0
SLC9A9,0
SLCO2A1,0
SLCO2B1,0
SLCO4C1,0
SLFN11,0
SLFN5,0
SLIRP,0
SLIT2,0
SLIT3,0
SLITRK4,0
SLK,0
SLMAP,0
SLPI,0
SLTM,0
SLU7,0
SMAD1,0
SMAD2,0
SMAD3,0
SMAD4,0
SMAD5,0
SMAP1,0
SMAP2,0
SMARCA1,0
SMARCA2,0
SMARCA4,0
SMARCA5,0
SMARCAD1,0
SMARCAL1,0
SMARCB1,0
SMARCC1,0
SMARCC2,0
SMARCD1,0
SMARCD2,0
SMARCE1,0
SMC1A,0
SMC2,0
SMC3,0
SMC4,0
SMC5,0
SMC6,0
SMCHD1,0
SMCO3,0
SMCR8,0
SMDT1,0
SMG1,0
SMG5,0
SMG6,0
SMG7,0
SMG8,0
SMG9,0
SMIM1,0
SMIM12,0
SMIM15,0
SMIM20,0
SMIM24,0
SMLR1,0
SMN1,0
SMNDC1,0
SMO,0
SMOC1,0
SMOC2,0
SMPD1,0
SMPD2,0
SMPD4,0
SMPDL3A,0
SMPDL3B,0
SMS,0
SMTN,0
SMTNL2,0
SMU1,0
SMUG1,0
SMURF2,0
SMYD2,0
SMYD3,0
SMYD4,0
SMYD5,0
SNAI3,0
SNAP23,0
SNAP29,0
SNAP47,0
SNAPC3,0
SNAPIN,0
SNCA,0
SNCG,0
SND1,0
SNED1,0
SNF8,0
SNIP1,0
SNRK,0
SNRNP200,0
SNRNP27,0
SNRNP35,0
SNRNP40,0
SNRNP70,0
SNRPA,0
SNRPA1,0
SNRPB,0
SNRPB2,0
SNRPC,0
SNRPD1,0
SNRPD2,0
SNRPD3,0
SNRPE,0
SNRPF,0
SNRPG,0
SNTA1,0
SNTB1,0
SNTB2,0
SNU13,0
SNUPN,0
SNW1,0
SNX1,0
SNX10,0
SNX11,0
SNX12,0
SNX13,0
SNX14,0
SNX15,0
SNX16,0
SNX17,0
SNX18,0
SNX19,0
SNX2,0
SNX21,0
SNX24,0
SNX27,0
SNX29,0
SNX3,0
SNX30,0
SNX33,0
SNX4,0
SNX5,0
SNX6,0
SNX7,0
SNX8,0
SNX9,0
SOAT1,0
SOD1,0
SOD2,0
SOD3,0
SOGA1,0
SON,0
SORBS1,0
SORBS2,0
SORBS3,0
SORCS2,0
SORD,0
SORL1,0
SORT1,0
SOS1,0
SOS2,0
SOWAHB,0
SOWAHC,0
SOX13,0
SOX5,0
SOX6,0
SOX9,0
SP1,0
SP100,0
SP110,0
SP140L,0
SP2,0
SP3,0
SP4,0
SPAG1,0
SPAG7,0
SPAG9,0
SPARC,0
SPARCL1,0
SPART,0
SPAST,0
SPATA13,0
SPATA18,0
SPATA2,0
SPATA20,0
SPATA5,0
SPATA5L1,0
SPATS2,0
SPATS2L,0
SPCS1,0
SPCS2,0
SPCS3,0
SPECC1,0
SPECC1L,0
SPEN,0
SPG11,0
SPG21,0
SPG7,0
SPHK2,0
SPI1,0
SPICE1,0
SPIDR,0
SPIN1,0
SPINK1,0
SPINK5,0
SPINT1,0
SPINT2,0
SPIRE1,0
SPN,0
SPNS1,0
SPOCD1,0
SPOCK2,0
SPON1,0
SPON2,0
SPOUT1,0
SPP1,0
SPP2,0
SPPL2A,0
SPPL2B,0
SPR,0
SPRY1,0
SPRYD3,0
SPRYD4,0
SPRYD7,0
SPTA1,0
SPTAN1,0
SPTB,0
SPTBN1,0
SPTBN2,0
SPTLC1,0
SPTLC2,0
SPTLC3,0
SPTY2D1,0
SQLE,0
SQOR,0
SQSTM1,0
SRA1,0
SRBD1,0
SRC,0
SRCAP,0
SRD5A3,0
SREK1,0
SREK1IP1,0
SRF,0
SRFBP1,0
SRGAP1,0
SRGAP2,0
SRGAP3,0
SRI,0
SRM,0
SRP14,0
SRP19,0
SRP54,0
SRP68,0
SRP72,0
SRP9,0
SRPK1,0
SRPK2,0
SRPRA,0
SRPRB,0
SRPX2,0
SRR,0
SRRM1,0
SRRM2,0
SRRT,0
SRSF1,0
SRSF10,0
SRSF11,0
SRSF2,0
SRSF3,0
SRSF4,0
SRSF5,0
SRSF6,0
SRSF7,0
SRSF8,0
SRSF9,0
SRXN1,0
SS18,0
SS18L1,0
SSB,0
SSBP1,0
SSBP2,0
SSBP3,0
SSBP4,0
SSC5D,0
SSH1,0
SSH3,0
SSNA1,0
SSR1,0
SSR3,0
SSR4,0
SSRP1,0
SSSCA1,0
SSU72,0
ST13,0
ST14,0
ST3GAL1,0
ST5,0
ST6GAL1,0
ST7,0
STAB1,0
STAG1,0
STAG2,0
STAM,0
STAM2,0
STAMBP,0
STAMBPL1,0
STAP1,0
STAP2,0
STARD10,0
STARD13,0
STARD3,0
STARD3NL,0
STARD5,0
STARD7,0
STAT1,0
STAT2,0
STAT3,0
STAT5A,0
STAT5B,0
STAT6,0
STAU1,0
STAU2,0
STBD1,0
STC1,0
STC2,0
STEAP3,0
STEAP4,0
STIM1,0
STIM2,0
STIP1,0
STK10,0
STK11,0
STK11IP,0
STK16,0
STK17A,0
STK17B,0
STK19,0
STK24,0
STK25,0
STK26,0
STK3,0
STK32C,0
STK33,0
STK38,0
STK38L,0
STK39,0
STK4,0
STMN1,0
STN1,0
STOM,0
STOML2,0
STON1,0
STON2,0
STRA6,0
STRADA,0
STRAP,0
STRBP,0
STRIP1,0
STRIP2,0
STRN,0
STRN3,0
STRN4,0
STT3A,0
STT3B,0
STUB1,0
STX10,0
STX11,0
STX12,0
STX16,0
STX17,0
STX18,0
STX2,0
STX3,0
STX4,0
STX5,0
STX6,0
STX7,0
STX8,0
STXBP1,0
STXBP2,0
STXBP3,0
STXBP4,0
STXBP6,0
SUB1,0
SUCLA2,0
SUCLG1,0
SUCLG2,0
SUDS3,0
SUFU,0
SUGCT,0
SUGP1,0
SUGP2,0
SUGT1,0
SULF1,0
SULF2,0
SULT1A1,0
SULT1A2,0
SULT1A4,0
SULT1B1,0
SULT1C2,0
SULT1C4,0
SUMF1,0
SUMF2,0
SUMO1,0
SUMO2,0
SUMO3,0
SUN1,0
SUN2,0
SUOX,0
SUPT16H,0
SUPT20H,0
SUPT4H1,0
SUPT5H,0
SUPT6H,0
SUPV3L1,0
SURF1,0
SURF2,0
SURF4,0
SURF6,0
SUSD2,0
SUZ12,0
SVBP,0
SVEP1,0
SVIL,0
SVIP,0
SWAP70,0
SYAP1,0
SYBU,0
SYDE1,0
SYF2,0
SYK,0
SYMPK,0
SYNCRIP,0
SYNE1,0
SYNE2,0
SYNE3,0
SYNGR1,0
SYNGR2,0
SYNJ1,0
SYNJ2,0
SYNJ2BP-COX16,0
SYNM,0
SYNPO,0
SYNPO2,0
SYNRG,0
SYPL1,0
SYS1,0
SYTL2,0
SYTL4,0
SYVN1,0
SZRD1,0
SZT2,0
TAB1,0
TAB2,0
TAB3,0
TACC1,0
TACC2,0
TACC3,0
TACO1,0
TACSTD2,0
TADA1,0
TADA3,0
TAF1,0
TAF10,0
TAF12,0
TAF13,0
TAF15,0
TAF2,0
TAF4,0
TAF5,0
TAF5L,0
TAF6,0
TAF6L,0
TAF7,0
TAF8,0
TAF9,0
TAGLN,0
TAGLN2,0
TAGLN3,0
TALDO1,0
TAMM41,0
TANC1,0
TANC2,0
TANGO2,0
TANGO6,0
TANK,0
TAOK1,0
TAOK2,0
TAOK3,0
TAP1,0
TAP2,0
TAPBP,0
TAPBPL,0
TAPT1,0
TARBP1,0
TARBP2,0
TARDBP,0
TARS,0
TARS2,0
TARSL2,0
TASP1,0
TATDN1,0
TATDN3,0
TAX1BP1,0
TAX1BP3,0
TBC1D1,0
TBC1D10A,0
TBC1D10B,0
TBC1D10C,0
TBC1D12,0
TBC1D13,0
TBC1D14,0
TBC1D15,0
TBC1D16,0
TBC1D17,0
TBC1D2,0
TBC1D20,0
TBC1D22A,0
TBC1D22B,0
TBC1D23,0
TBC1D24,0
TBC1D2B,0
TBC1D4,0
TBC1D7,0
TBC1D8,0
TBC1D8B,0
TBC1D9B,0
TBCA,0
TBCB,0
TBCC,0
TBCD,0
TBCE,0
TBCEL,0
TBCK,0
TBK1,0
TBL1X,0
TBL1XR1,0
TBL2,0
TBL3,0
TBP,0
TBRG4,0
TBX2,0
TBXAS1,0
TCAF1,0
TCAF2,0
TCAIM,0
TCEA1,0
TCEA3,0
TCEAL1,0
TCEAL2,0
TCEAL3,0
TCEAL4,0
TCEAL8,0
TCERG1,0
TCF12,0
TCF20,0
TCF25,0
TCHP,0
TCIRG1,0
TCN2,0
TCOF1,0
TCP1,0
TCP11L1,0
TCTN1,0
TCTN3,0
TDG,0
TDP1,0
TDP2,0
TDRD3,0
TDRD7,0
TDRKH,0
TDRP,0
TEAD1,0
TEAD3,0
TEC,0
TECPR1,0
TECPR2,0
TECR,0
TEFM,0
TEK,0
TELO2,0
TENT2,0
TENT4B,0
TENT5C,0
TEP1,0
TERF2,0
TERF2IP,0
TES,0
TESC,0
TEX10,0
TEX2,0
TEX264,0
TEX30,0
TF,0
TFAM,0
TFAP2A,0
TFAP2E,0
TFAP4,0
TFB1M,0
TFB2M,0
TFCP2,0
TFCP2L1,0
TFDP1,0
TFDP2,0
TFE3,0
TFEB,0
TFF3,0
TFG,0
TFIP11,0
TFPI,0
TFPI2,0
TFRC,0
TGFB1,0
TGFB1I1,0
TGFB2,0
TGFBI,0
TGFBR2,0
TGFBR3,0
TGFBRAP1,0
TGM2,0
TGOLN2,0
TGS1,0
THADA,0
THAP11,0
THAP12,0
THAP4,0
THBD,0
THBS1,0
THBS2,0
THBS3,0
THBS4,0
THEM4,0
THEM6,0
THEMIS,0
THEMIS2,0
THG1L,0
THNSL1,0
THNSL2,0
THOC1,0
THOC2,0
THOC3,0
THOC5,0
THOC6,0
THOC7,0
THOP1,0
THRA,0
THRAP3,0
THSD4,0
THSD7A,0
THTPA,0
THUMPD1,0
THUMPD3,0
THY1,0
THYN1,0
TIA1,0
TIAL1,0
TIAM1,0
TICAM1,0
TIFA,0
TIGAR,0
TIMD4,0
TIMM10,0
TIMM10B,0
TIMM13,0
TIMM17A,0
TIMM17B,0
TIMM21,0
TIMM22,0
TIMM23,0
TIMM29,0
TIMM44,0
TIMM50,0
TIMM8A,0
TIMM8B,0
TIMM9,0
TIMMDC1,0
TIMP1,0
TIMP2,0
TIMP3,0
TINAG,0
TINAGL1,0
TINF2,0
TIPRL,0
TJAP1,0
TJP1,0
TJP2,0
TJP3,0
TK2,0
TKFC,0
TKT,0
TLDC1,0
TLE1,0
TLE3,0
TLK1,0
TLK2,0
TLN1,0
TLN2,0
TLNRD1,0
TLR10,0
TLR2,0
TLR3,0
TLR7,0
TM2D3,0
TM4SF18,0
TM6SF1,0
TM7SF2,0
TM7SF3,0
TM9SF1,0
TM9SF2,0
TM9SF3,0
TM9SF4,0
TMA16,0
TMA7,0
TMBIM1,0
TMBIM6,0
TMC4,0
TMCC3,0
TMCO1,0
TMCO3,0
TMCO4,0
TMCO6,0
TMED1,0
TMED10,0
TMED2,0
TMED3,0
TMED4,0
TMED5,0
TMED7,0
TMED8,0
TMED9,0
TMEM101,0
TMEM102,0
TMEM106A,0
TMEM106B,0
TMEM109,0
TMEM11,0
TMEM115,0
TMEM119,0
TMEM120A,0
TMEM120B,0
TMEM126A,0
TMEM126B,0
TMEM131,0
TMEM132E,0
TMEM134,0
TMEM135,0
TMEM141,0
TMEM143,0
TMEM147,0
TMEM14C,0
TMEM150C,0
TMEM151B,0
TMEM159,0
TMEM160,0
TMEM165,0
TMEM167A,0
TMEM167B,0
TMEM168,0
TMEM173,0
TMEM175,0
TMEM176A,0
TMEM176B,0
TMEM177,0
TMEM179B,0
TMEM181,0
TMEM184C,0
TMEM186,0
TMEM19,0
TMEM192,0
TMEM199,0
TMEM200C,0
TMEM201,0
TMEM205,0
TMEM209,0
TMEM214,0
TMEM222,0
TMEM223,0
TMEM230,0
TMEM243,0
TMEM245,0
TMEM259,0
TMEM260,0
TMEM263,0
TMEM30A,0
TMEM33,0
TMEM35B,0
TMEM41A,0
TMEM41B,0
TMEM43,0
TMEM51,0
TMEM59,0
TMEM62,0
TMEM63A,0
TMEM63B,0
TMEM65,0
TMEM68,0
TMEM70,0
TMEM72,0
TMEM87A,0
TMEM87B,0
TMEM88,0
TMEM9,0
TMEM94,0
TMEM97,0
TMEM9B,0
TMF1,0
TMLHE,0
TMOD1,0
TMOD2,0
TMOD3,0
TMPO,0
TMPPE,0
TMSB10,0
TMSB15B,0
TMSB4X,0
TMTC3,0
TMTC4,0
TMUB1,0
TMUB2,0
TMX1,0
TMX2,0
TMX3,0
TMX4,0
TNC,0
TNFAIP2,0
TNFAIP3,0
TNFAIP6,0
TNFAIP8,0
TNFAIP8L1,0
TNFAIP8L2,0
TNFAIP8L3,0
TNFRSF12A,0
TNFRSF14,0
TNFSF10,0
TNFSF13,0
TNIK,0
TNIP1,0
TNIP2,0
TNK1,0
TNK2,0
TNKS1BP1,0
TNKS2,0
TNN,0
TNPO1,0
TNPO2,0
TNPO3,0
TNRC18,0
TNRC6A,0
TNRC6B,0
TNRC6C,0
TNS1,0
TNS2,0
TNS3,0
TNXB,0
TOE1,0
TOLLIP,0
TOM1,0
TOM1L1,0
TOM1L2,0
TOMM20,0
TOMM22,0
TOMM34,0
TOMM40,0
TOMM40L,0
TOMM5,0
TOMM6,0
TOMM7,0
TOMM70,0
TONSL,0
TOP1,0
TOP2B,0
TOP3A,0
TOP3B,0
TOPBP1,0
TOR1A,0
TOR1AIP1,0
TOR1AIP2,0
TOR1B,0
TOR3A,0
TOR4A,0
TOX4,0
TP53BP1,0
TP53BP2,0
TP53I11,0
TP53I3,0
TP53INP2,0
TP53RK,0
TPBG,0
TPCN1,0
TPCN2,0
TPD52,0
TPD52L1,0
TPD52L2,0
TPI1,0
TPK1,0
TPM1,0
TPM2,0
TPM3,0
TPM4,0
TPMT,0
TPP1,0
TPP2,0
TPPP,0
TPPP3,0
TPR,0
TPRG1L,0
TPRKB,0
TPRN,0
TPSAB1,0
TPST2,0
TPT1,0
TPTEP2-CSNK1E,0
TRA2A,0
TRA2B,0
TRABD,0
TRADD,0
TRAF1,0
TRAF2,0
TRAF3,0
TRAF3IP1,0
TRAF3IP2,0
TRAF3IP3,0
TRAF4,0
TRAF6,0
TRAF7,0
TRAFD1,0
TRAM1,0
TRAP1,0
TRAPPC1,0
TRAPPC10,0
TRAPPC11,0
TRAPPC12,0
TRAPPC13,0
TRAPPC2,0
TRAPPC2L,0
TRAPPC3,0
TRAPPC4,0
TRAPPC5,0
TRAPPC6A,0
TRAPPC6B,0
TRAPPC8,0
TRAPPC9,0
TREH,0
TREX1,0
TRHDE,0
TRIAP1,0
TRIM11,0
TRIM14,0
TRIM15,0
TRIM16,0
TRIM2,0
TRIM21,0
TRIM22,0
TRIM24,0
TRIM25,0
TRIM26,0
TRIM27,0
TRIM28,0
TRIM3,0
TRIM32,0
TRIM33,0
TRIM38,0
TRIM4,0
TRIM44,0
TRIM47,0
TRIM5,0
TRIM55,0
TRIM56,0
TRIM65,0
TRIM68,0
TRIM9,0
TRIO,0
TRIOBP,0
TRIP10,0
TRIP11,0
TRIP12,0
TRIP13,0
TRIP4,0
TRIP6,0
TRIR,0
TRIT1,0
TRMT1,0
TRMT10A,0
TRMT10C,0
TRMT11,0
TRMT112,0
TRMT13,0
TRMT1L,0
TRMT2A,0
TRMT2B,0
TRMT5,0
TRMT6,0
TRMT61A,0
TRMT61B,0
TRMU,0
TRNAU1AP,0
TRNT1,0
TROVE2,0
TRPM4,0
TRPM7,0
TRPS1,0
TRPT1,0
TRPV2,0
TRPV4,0
TRRAP,0
TRUB1,0
TRUB2,0
TSC1,0
TSC2,0
TSC22D1,0
TSC22D2,0
TSC22D3,0
TSC22D4,0
TSEN15,0
TSEN34,0
TSEN54,0
TSFM,0
TSG101,0
TSKU,0
TSN,0
TSNAX,0
TSPAN1,0
TSPAN13,0
TSPAN14,0
TSPAN15,0
TSPAN18,0
TSPAN3,0
TSPAN31,0
TSPAN33,0
TSPAN4,0
TSPAN6,0
TSPAN7,0
TSPAN8,0
TSPAN9,0
TSPO,0
TSPYL1,0
TSPYL5,0
TSR1,0
TSR2,0
TSR3,0
TSSC4,0
TST,0
TSTA3,0
TSTD1,0
TTC1,0
TTC12,0
TTC13,0
TTC14,0
TTC17,0
TTC19,0
TTC21B,0
TTC26,0
TTC27,0
TTC28,0
TTC3,0
TTC30A,0
TTC31,0
TTC33,0
TTC36,0
TTC37,0
TTC38,0
TTC39A,0
TTC39B,0
TTC39C,0
TTC4,0
TTC5,0
TTC7A,0
TTC7B,0
TTC8,0
TTC9,0
TTC9C,0
TTF1,0
TTF2,0
TTI1,0
TTI2,0
TTLL12,0
TTLL4,0
TTN,0
TTPAL,0
TTR,0
TTYH3,0
TUB,0
TUBA1A,0
TUBA1B,0
TUBA1C,0
TUBA3C,0
TUBA4A,0
TUBA8,0
TUBAL3,0
TUBB,0
TUBB1,0
TUBB2A,0
TUBB2B,0
TUBB3,0
TUBB4A,0
TUBB4B,0
TUBB6,0
TUBB8,0
TUBG1,0
TUBG2,0
TUBGCP2,0
TUBGCP3,0
TUBGCP4,0
TUBGCP5,0
TUBGCP6,0
TUFM,0
TUFT1,0
TULP3,0
TUSC1,0
TUSC2,0
TUT1,0
TUT4,0
TUT7,0
TVP23C,0
TWF1,0
TWF2,0
TWISTNB,0
TWSG1,0
TXLNA,0
TXLNG,0
TXN,0
TXN2,0
TXNDC11,0
TXNDC12,0
TXNDC15,0
TXNDC17,0
TXNDC5,0
TXNDC9,0
TXNIP,0
TXNL1,0
TXNL4A,0
TXNL4B,0
TXNRD1,0
TXNRD2,0
TXNRD3,0
TYK2,0
TYMP,0
TYRO3,0
TYROBP,0
TYSND1,0
TYW1,0
TYW3,0
TYW5,0
U2AF1,0
U2AF1L5,0
U2AF2,0
U2SURP,0
UACA,0
UAP1,0
UAP1L1,0
UBA1,0
UBA2,0
UBA3,0
UBA5,0
UBA52,0
UBA6,0
UBA7,0
UBAC1,0
UBAC2,0
UBALD1,0
UBAP1,0
UBAP2,0
UBAP2L,0
UBASH3B,0
UBE2A,0
UBE2B,0
UBE2D1,0
UBE2D2,0
UBE2E1,0
UBE2E2,0
UBE2E3,0
UBE2F,0
UBE2G1,0
UBE2G2,0
UBE2H,0
UBE2I,0
UBE2J1,0
UBE2J2,0
UBE2K,0
UBE2L3,0
UBE2L6,0
UBE2M,0
UBE2N,0
UBE2O,0
UBE2Q1,0
UBE2Q2,0
UBE2R2,0
UBE2V1,0
UBE2V2,0
UBE2Z,0
UBE3A,0
UBE3B,0
UBE3C,0
UBE4A,0
UBE4B,0
UBFD1,0
UBL4A,0
UBL5,0
UBL7,0
UBLCP1,0
UBN1,0
UBN2,0
UBOX5,0
UBP1,0
UBQLN1,0
UBQLN2,0
UBQLN4,0
UBR1,0
UBR2,0
UBR3,0
UBR4,0
UBR5,0
UBR7,0
UBTD2,0
UBTF,0
UBXN1,0
UBXN2A,0
UBXN2B,0
UBXN4,0
UBXN6,0
UBXN7,0
UCHL1,0
UCHL3,0
UCHL5,0
UCK1,0
UCK2,0
UCKL1,0
UEVLD,0
UFC1,0
UFD1,0
UFL1,0
UFM1,0
UFSP2,0
UGCG,0
UGDH,0
UGGT1,0
UGP2,0
UGT1A6,0
UGT1A9,0
UGT2A3,0
UGT2B4,0
UGT2B7,0
UGT3A1,0
UGT8,0
UHRF1,0
UHRF1BP1,0
UHRF1BP1L,0
UHRF2,0
UIMC1,0
ULK1,0
ULK3,0
UMAD1,0
UMOD,0
UMPS,0
UNC119,0
UNC119B,0
UNC13B,0
UNC13D,0
UNC45A,0
UNC5B,0
UNC5CL,0
UNC93B1,0
UNG,0
UNK,0
UNKL,0
UPB1,0
UPF1,0
UPF2,0
UPF3A,0
UPF3B,0
UPP1,0
UPRT,0
UQCC1,0
UQCC2,0
UQCC3,0
UQCR10,0
UQCR11,0
UQCRB,0
UQCRC1,0
UQCRC2,0
UQCRFS1,0
UQCRH,0
UQCRQ,0
URB1,0
URB2,0
URGCP,0
URI1,0
URM1,0
UROD,0
UROS,0
USE1,0
USF1,0
USF2,0
USH1C,0
USO1,0
USP10,0
USP11,0
USP12,0
USP13,0
USP14,0
USP15,0
USP16,0
USP19,0
USP2,0
USP20,0
USP22,0
USP24,0
USP25,0
USP28,0
USP3,0
USP30,0
USP32,0
USP33,0
USP34,0
USP36,0
USP39,0
USP4,0
USP40,0
USP46,0
USP47,0
USP48,0
USP5,0
USP53,0
USP6NL,0
USP7,0
USP8,0
USP9X,0
USP9Y,0
UTP11,0
UTP14A,0
UTP15,0
UTP18,0
UTP20,0
UTP23,0
UTP25,0
UTP3,0
UTP4,0
UTP6,0
UTRN,0
UVRAG,0
UVSSA,0
UXS1,0
UXT,0
VAC14,0
VAMP2,0
VAMP3,0
VAMP5,0
VAMP7,0
VAMP8,0
VANGL1,0
VAPA,0
VAPB,0
VARS,0
VARS2,0
VASN,0
VASP,0
VAT1,0
VAT1L,0
VAV1,0
VAV2,0
VAV3,0
VBP1,0
VCAM1,0
VCAN,0
VCL,0
VCP,0
VCPIP1,0
VDAC1,0
VDAC2,0
VDAC3,0
VEGFA,0
VEPH1,0
VEZF1,0
VEZT,0
VGLL4,0
VIL1,0
VIM,0
VIPAS39,0
VIRMA,0
VKORC1,0
VKORC1L1,0
VLDLR,0
VMAC,0
VMP1,0
VNN1,0
VPS11,0
VPS13A,0
VPS13B,0
VPS13C,0
VPS13D,0
VPS16,0
VPS18,0
VPS25,0
VPS26A,0
VPS26B,0
VPS26C,0
VPS28,0
VPS29,0
VPS33A,0
VPS33B,0
VPS35,0
VPS35L,0
VPS36,0
VPS37A,0
VPS37B,0
VPS37C,0
VPS39,0
VPS41,0
VPS45,0
VPS4A,0
VPS4B,0
VPS50,0
VPS51,0
VPS52,0
VPS53,0
VPS54,0
VPS72,0
VPS8,0
VPS9D1,0
VRK1,0
VRK2,0
VRK3,0
VSIG4,0
VSIR,0
VSNL1,0
VTA1,0
VTI1A,0
VTI1B,0
VTN,0
VWA1,0
VWA2,0
VWA5A,0
VWA8,0
VWF,0
WAC,0
WAPL,0
WARS,0
WARS2,0
WAS,0
WASF1,0
WASF2,0
WASF3,0
WASHC1,0
WASHC2A,0
WASHC2C,0
WASHC3,0
WASHC4,0
WASHC5,0
WASL,0
WBP11,0
WBP2,0
WBP4,0
WDCP,0
WDFY1,0
WDFY2,0
WDFY3,0
WDFY4,0
WDR1,0
WDR11,0
WDR12,0
WDR13,0
WDR18,0
WDR19,0
WDR20,0
WDR24,0
WDR26,0
WDR3,0
WDR33,0
WDR34,0
WDR35,0
WDR36,0
WDR37,0
WDR4,0
WDR41,0
WDR43,0
WDR44,0
WDR45,0
WDR45B,0
WDR46,0
WDR47,0
WDR48,0
WDR5,0
WDR54,0
WDR55,0
WDR59,0
WDR6,0
WDR60,0
WDR61,0
WDR7,0
WDR70,0
WDR72,0
WDR73,0
WDR74,0
WDR75,0
WDR77,0
WDR81,0
WDR82,0
WDR83,0
WDR87,0
WDR89,0
WDR91,0
WDR92,0
WDSUB1,0
WDTC1,0
WFDC2,0
WFS1,0
WIPF1,0
WIPF2,0
WIPF3,0
WIPI1,0
WIPI2,0
WISP2,0
WIZ,0
WLS,0
WNK1,0
WNT2B,0
WRAP53,0
WRB,0
WRN,0
WRNIP1,0
WTAP,0
WWC1,0
WWC2,0
WWC3,0
WWOX,0
WWP1,0
WWP2,0
WWTR1,0
XAB2,0
XAF1,0
XIAP,0
XPA,0
XPC,0
XPNPEP1,0
XPNPEP2,0
XPNPEP3,0
XPO1,0
XPO4,0
XPO5,0
XPO6,0
XPO7,0
XPOT,0
XPR1,0
XRCC1,0
XRCC4,0
XRCC5,0
XRCC6,0
XRN1,0
XRN2,0
XYLB,0
YAF2,0
YAP1,0
YARS,0
YARS2,0
YBEY,0
YBX1,0
YBX3,0
YDJC,0
YEATS2,0
YEATS4,0
YES1,0
YIF1A,0
YIPF1,0
YIPF2,0
YIPF3,0
YIPF4,0
YIPF5,0
YIPF6,0
YJU2,0
YKT6,0
YLPM1,0
YME1L1,0
YOD1,0
YPEL2,0
YPEL5,0
YRDC,0
YTHDC1,0
YTHDC2,0
YTHDF1,0
YTHDF2,0
YTHDF3,0
YWHAB,0
YWHAE,0
YWHAG,0
YWHAH,0
YWHAQ,0
YWHAZ,0
YY1,0
ZADH2,0
ZAP70,0
ZBED1,0
ZBED3,0
ZBED8,0
ZBTB1,0
ZBTB10,0
ZBTB11,0
ZBTB14,0
ZBTB16,0
ZBTB2,0
ZBTB20,0
ZBTB21,0
ZBTB33,0
ZBTB38,0
ZBTB4,0
ZBTB40,0
ZBTB7A,0
ZBTB7B,0
ZBTB8OS,0
ZC2HC1A,0
ZC3H11A,0
ZC3H12A,0
ZC3H12C,0
ZC3H13,0
ZC3H14,0
ZC3H15,0
ZC3H18,0
ZC3H4,0
ZC3H6,0
ZC3H7A,0
ZC3H7B,0
ZC3H8,0
ZC3HAV1,0
ZC3HAV1L,0
ZC3HC1,0
ZCCHC17,0
ZCCHC24,0
ZCCHC3,0
ZCCHC8,0
ZCCHC9,0
ZCRB1,0
ZDHHC13,0
ZDHHC17,0
ZDHHC20,0
ZDHHC3,0
ZDHHC4,0
ZDHHC5,0
ZEB2,0
ZER1,0
ZFAND1,0
ZFAND2B,0
ZFAND3,0
ZFAND5,0
ZFAND6,0
ZFC3H1,0
ZFHX3,0
ZFP36L1,0
ZFP36L2,0
ZFP64,0
ZFP91,0
ZFPL1,0
ZFR,0
ZFX,0
ZFYVE1,0
ZFYVE16,0
ZFYVE19,0
ZFYVE21,0
ZFYVE26,0
ZFYVE27,0
ZFYVE9,0
ZGPAT,0
ZHX1,0
ZHX2,0
ZHX3,0
ZKSCAN1,0
ZKSCAN8,0
ZMAT2,0
ZMIZ1,0
ZMIZ2,0
ZMPSTE24,0
ZMYM2,0
ZMYM3,0
ZMYM4,0
ZMYND11,0
ZMYND8,0
ZNF106,0
ZNF134,0
ZNF143,0
ZNF146,0
ZNF148,0
ZNF185,0
ZNF207,0
ZNF217,0
ZNF22,0
ZNF24,0
ZNF25,0
ZNF257,0
ZNF276,0
ZNF28,0
ZNF280D,0
ZNF281,0
ZNF292,0
ZNF3,0
ZNF316,0
ZNF318,0
ZNF32,0
ZNF326,0
ZNF330,0
ZNF346,0
ZNF358,0
ZNF362,0
ZNF384,0
ZNF385B,0
ZNF395,0
ZNF414,0
ZNF417,0
ZNF420,0
ZNF428,0
ZNF438,0
ZNF451,0
ZNF460,0
ZNF462,0
ZNF48,0
ZNF503,0
ZNF512,0
ZNF512B,0
ZNF516,0
ZNF574,0
ZNF579,0
ZNF592,0
ZNF598,0
ZNF609,0
ZNF618,0
ZNF622,0
ZNF629,0
ZNF638,0
ZNF652,0
ZNF654,0
ZNF668,0
ZNF672,0
ZNF687,0
ZNF688,0
ZNF691,0
ZNF706,0
ZNF740,0
ZNF768,0
ZNF777,0
ZNF787,0
ZNF800,0
ZNF830,0
ZNFX1,0
ZNHIT1,0
ZNHIT2,0
ZNHIT3,0
ZNHIT6,0
ZNRD1,0
ZNRF2,0
ZPR1,0
ZRANB2,0
ZRSR2,0
ZSCAN18,0
ZSWIM8,0
ZW10,0
ZWILCH,0
ZXDC,0
ZYG11B,0
ZYX,0
ZZEF1,0
ZZZ3,0
